id	raw_n	min_n	frac0	T0	block0	closedfrac0	frac1	T1	block1	closedfrac1	frac2	T2	block2	closedfrac2	frac3	T3	block3	closedfrac3	frac4	T4	block4	closedfrac4	exceeds_final	max_exceed_ratio
/Users/fdicostanzo/pcrec/worktrees/m1part/tests/base/k18_cost_gates.rxt:66	27575	1010	0.10	2758	2758	0.000363	0.25	6894	5661	0.000145	0.50	13788	9169	0.000073	0.75	20681	10608	0.000387	1.00	27575	1010	1.000000	1	10.503
/Users/fdicostanzo/pcrec/worktrees/m1part/tests/base/k18_cost_gates.rxt:70	1968	83	0.10	197	197	0.005076	0.25	492	492	0.002033	0.50	984	984	0.002033	0.75	1476	1418	0.001355	1.00	1968	83	1.000000	1	17.084
/Users/fdicostanzo/pcrec/worktrees/m1part/tests/counterk/counterk.rxt:15	16	2	0.10	2	2	0.000000	0.25	4	4	0.000000	0.50	8	8	0.125000	0.75	12	12	0.083333	1.00	16	2	1.000000	1	6.000
/Users/fdicostanzo/pcrec/worktrees/m1part/tests/counterk/counterk.rxt:93	18	2	0.10	2	2	0.000000	0.25	5	5	0.200000	0.50	9	9	0.111111	0.75	14	14	0.071429	1.00	18	2	1.000000	1	7.000
/Users/fdicostanzo/pcrec/worktrees/m1part/tests/counterk/counterk.rxt:169	20	2	0.10	2	2	0.000000	0.25	5	5	0.200000	0.50	10	10	0.100000	0.75	15	15	0.066667	1.00	20	2	1.000000	1	7.500
/Users/fdicostanzo/pcrec/worktrees/m1part/tests/counterk/counterk.rxt:246	26	2	0.10	3	3	0.000000	0.25	7	7	0.142857	0.50	13	13	0.076923	0.75	20	20	0.050000	1.00	26	2	1.000000	1	10.000
/Users/fdicostanzo/pcrec/worktrees/m1part/tests/counterk/counterk.rxt:323	32	2	0.10	3	3	0.000000	0.25	8	8	0.125000	0.50	16	16	0.062500	0.75	24	24	0.041667	1.00	32	2	1.000000	1	12.000
/Users/fdicostanzo/pcrec/worktrees/m1part/tests/counterk/counterk.rxt:399	34	2	0.10	3	3	0.000000	0.25	9	9	0.111111	0.50	17	17	0.058824	0.75	26	26	0.038462	1.00	34	2	1.000000	1	13.000
/Users/fdicostanzo/pcrec/worktrees/m1part/tests/counterk/counterk.rxt:475	36	2	0.10	4	4	0.000000	0.25	9	9	0.111111	0.50	18	18	0.055556	0.75	27	27	0.037037	1.00	36	2	1.000000	1	13.500
/Users/fdicostanzo/pcrec/worktrees/m1part/tests/counterk/counterk.rxt:554	25	2	0.10	3	3	0.000000	0.25	6	6	0.166667	0.50	13	13	0.076923	0.75	19	19	0.052632	1.00	25	2	1.000000	1	9.500
/Users/fdicostanzo/pcrec/worktrees/m1part/tests/counterk/counterk.rxt:630	35	2	0.10	4	4	0.000000	0.25	9	9	0.111111	0.50	18	18	0.055556	0.75	26	26	0.038462	1.00	35	2	1.000000	1	13.000
/Users/fdicostanzo/pcrec/worktrees/m1part/tests/counterk/counterk.rxt:708	26	26	0.10	3	3	0.000000	0.25	7	7	0.000000	0.50	13	13	0.000000	0.75	20	20	0.000000	1.00	26	26	1.000000	0	0.000
/Users/fdicostanzo/pcrec/worktrees/m1part/tests/counterk/counterk.rxt:745	34	34	0.10	3	3	0.000000	0.25	9	9	0.000000	0.50	17	17	0.000000	0.75	26	26	0.000000	1.00	34	34	1.000000	0	0.000
/Users/fdicostanzo/pcrec/worktrees/m1part/tests/counterk/counterk.rxt:779	36	36	0.10	4	4	0.000000	0.25	9	9	0.000000	0.50	18	18	0.000000	0.75	27	27	0.000000	1.00	36	36	1.000000	0	0.000
/Users/fdicostanzo/pcrec/worktrees/m1part/tests/counterk/counterk.rxt:815	36	20	0.10	4	4	0.000000	0.25	9	9	0.000000	0.50	18	18	0.000000	0.75	27	27	0.037037	1.00	36	20	1.000000	1	1.350
/Users/fdicostanzo/pcrec/worktrees/m1part/tests/counterk/counterk.rxt:855	40	24	0.10	4	4	0.000000	0.25	10	10	0.000000	0.50	20	20	0.000000	0.75	30	30	0.033333	1.00	40	24	1.000000	1	1.250
/Users/fdicostanzo/pcrec/worktrees/m1part/tests/counterk/counterk.rxt:891	35	20	0.10	4	4	0.000000	0.25	9	9	0.000000	0.50	18	18	0.000000	0.75	26	26	0.038462	1.00	35	20	1.000000	1	1.300
/Users/fdicostanzo/pcrec/worktrees/m1part/tests/counterk/counterk.rxt:933	37	36	0.10	4	3	0.000000	0.25	9	8	0.000000	0.50	19	18	0.000000	0.75	28	27	0.000000	1.00	37	36	1.000000	0	0.000
/Users/fdicostanzo/pcrec/worktrees/m1part/tests/counterk/counterk.rxt:991	52	51	0.10	5	4	0.000000	0.25	13	12	0.000000	0.50	26	25	0.000000	0.75	39	38	0.000000	1.00	52	51	1.000000	0	0.000
/Users/fdicostanzo/pcrec/worktrees/m1part/tests/counterk/counterk.rxt:1054	14	2	0.10	1	1	0.000000	0.25	4	4	0.250000	0.50	7	7	0.142857	0.75	11	11	0.090909	1.00	14	2	1.000000	1	5.500
/Users/fdicostanzo/pcrec/worktrees/m1part/tests/counterk/counterk.rxt:1099	2	2	0.10	1	1	0.000000	0.25	1	1	0.000000	0.50	1	1	0.000000	0.75	2	2	1.000000	1.00	2	2	1.000000	0	0.000
/Users/fdicostanzo/pcrec/worktrees/m1part/tests/counterk/counterk.rxt:1149	2	2	0.10	1	1	0.000000	0.25	1	1	0.000000	0.50	1	1	0.000000	0.75	2	2	1.000000	1.00	2	2	1.000000	0	0.000
/Users/fdicostanzo/pcrec/worktrees/m1part/tests/counterk/counterk.rxt:1259	110	2	0.10	11	11	0.090909	0.25	28	28	0.035714	0.50	55	55	0.018182	0.75	83	83	0.012048	1.00	110	2	1.000000	1	41.500
/Users/fdicostanzo/pcrec/worktrees/m1part/tests/counterk/counterk.rxt:1289	38	2	0.10	4	4	0.000000	0.25	10	10	0.100000	0.50	19	19	0.052632	0.75	29	29	0.034483	1.00	38	2	1.000000	1	14.500
/Users/fdicostanzo/pcrec/worktrees/m1part/tests/counterk/counterk.rxt:1324	36	2	0.10	4	4	0.250000	0.25	9	9	0.111111	0.50	18	18	0.055556	0.75	27	27	0.037037	1.00	36	2	1.000000	1	13.500
/Users/fdicostanzo/pcrec/worktrees/m1part/tests/counterk/counterk.rxt:1366	26	2	0.10	3	3	0.000000	0.25	7	7	0.142857	0.50	13	13	0.076923	0.75	20	20	0.050000	1.00	26	2	1.000000	1	10.000
/Users/fdicostanzo/pcrec/worktrees/m1part/tests/counterk/counterk.rxt:1417	42	20	0.10	4	4	0.000000	0.25	11	11	0.000000	0.50	21	21	0.000000	0.75	32	32	0.031250	1.00	42	20	1.000000	1	1.600
/Users/fdicostanzo/pcrec/worktrees/m1part/tests/counterk/counterk.rxt:1444	26	26	0.10	3	3	0.000000	0.25	7	7	0.000000	0.50	13	13	0.000000	0.75	20	20	0.000000	1.00	26	26	1.000000	0	0.000
/Users/fdicostanzo/pcrec/worktrees/m1part/tests/counterk/counterk.rxt:1473	202	2	0.10	20	20	0.050000	0.25	51	51	0.019608	0.50	101	101	0.009901	0.75	152	152	0.006579	1.00	202	2	1.000000	1	76.000
/Users/fdicostanzo/pcrec/worktrees/m1part/tests/counterk/counterk.rxt:1551	1002	2	0.10	100	100	0.010000	0.25	251	251	0.003984	0.50	501	501	0.001996	0.75	752	752	0.001330	1.00	1002	2	1.000000	1	376.000
/Users/fdicostanzo/pcrec/worktrees/m1part/tests/counterk/counterk.rxt:1631	4096	2	0.10	410	410	0.002439	0.25	1024	1024	0.000977	0.50	2048	2048	0.000488	0.75	3072	3072	0.000326	1.00	4096	2	1.000000	1	1536.000
/Users/fdicostanzo/pcrec/worktrees/m1part/tests/counterk/counterk.rxt:1725	8002	2	0.10	800	800	0.001250	0.25	2001	2001	0.000500	0.50	4001	4001	0.000250	0.75	6002	6002	0.000167	1.00	8002	2	1.000000	1	3001.000
/Users/fdicostanzo/pcrec/worktrees/m1part/tests/counterk/counterk.rxt:1807	8002	8002	0.10	800	800	0.000000	0.25	2001	2001	0.000000	0.50	4001	4001	0.000000	0.75	6002	6002	0.000000	1.00	8002	8002	1.000000	0	0.000
/Users/fdicostanzo/pcrec/worktrees/m1part/tests/counterk/counterk.rxt:1845	8002	2	0.10	800	800	0.001250	0.25	2001	2001	0.000500	0.50	4001	4001	0.000250	0.75	6002	6002	0.000167	1.00	8002	2	1.000000	1	3001.000
/Users/fdicostanzo/pcrec/worktrees/m1part/tests/counterk/counterk.rxt:1901	252	69	0.10	25	25	0.000000	0.25	63	63	0.000000	0.50	126	126	0.000000	0.75	189	140	0.000000	1.00	252	69	1.000000	1	2.029
/Users/fdicostanzo/pcrec/worktrees/m1part/tests/counterk/counterk.rxt:1917	98	50	0.10	10	7	0.000000	0.25	25	14	0.000000	0.50	49	26	0.000000	0.75	74	39	0.000000	1.00	98	50	1.000000	0	0.000
/Users/fdicostanzo/pcrec/worktrees/m1part/tests/counterk/counterk.rxt:1928	70	70	0.10	7	7	0.000000	0.25	18	18	0.000000	0.50	35	35	0.000000	0.75	53	53	0.000000	1.00	70	70	1.000000	0	0.000
/Users/fdicostanzo/pcrec/worktrees/m1part/tests/counterk/counterk.rxt:1939	268	73	0.10	27	27	0.000000	0.25	67	67	0.000000	0.50	134	134	0.000000	0.75	201	153	0.000000	1.00	268	73	1.000000	1	2.096
/Users/fdicostanzo/pcrec/worktrees/m1part/tests/counterk/counterk.rxt:1951	30	30	0.10	3	3	0.000000	0.25	8	8	0.000000	0.50	15	15	0.000000	0.75	23	23	0.000000	1.00	30	30	1.000000	0	0.000
/Users/fdicostanzo/pcrec/worktrees/m1part/tests/counterk/counterk.rxt:1966	86	74	0.10	9	9	0.000000	0.25	22	20	0.000000	0.50	43	38	0.000000	0.75	65	57	0.000000	1.00	86	74	1.000000	0	0.000
/Users/fdicostanzo/pcrec/worktrees/m1part/tests/classes/classes.rxt:17	2	2	0.10	1	1	0.000000	0.25	1	1	0.000000	0.50	1	1	0.000000	0.75	2	2	1.000000	1.00	2	2	1.000000	0	0.000
/Users/fdicostanzo/pcrec/worktrees/m1part/tests/classes/classes.rxt:23	2	2	0.10	1	1	0.000000	0.25	1	1	0.000000	0.50	1	1	0.000000	0.75	2	2	1.000000	1.00	2	2	1.000000	0	0.000
/Users/fdicostanzo/pcrec/worktrees/m1part/tests/classes/classes.rxt:28	2	2	0.10	1	1	0.000000	0.25	1	1	0.000000	0.50	1	1	0.000000	0.75	2	2	1.000000	1.00	2	2	1.000000	0	0.000
/Users/fdicostanzo/pcrec/worktrees/m1part/tests/classes/classes.rxt:32	2	2	0.10	1	1	0.000000	0.25	1	1	0.000000	0.50	1	1	0.000000	0.75	2	2	1.000000	1.00	2	2	1.000000	0	0.000
/Users/fdicostanzo/pcrec/worktrees/m1part/tests/classes/classes.rxt:36	3	3	0.10	1	1	0.000000	0.25	1	1	0.000000	0.50	2	2	0.000000	0.75	2	2	0.000000	1.00	3	3	1.000000	0	0.000
/Users/fdicostanzo/pcrec/worktrees/m1part/tests/classes/classes.rxt:40	2	2	0.10	1	1	0.000000	0.25	1	1	0.000000	0.50	1	1	0.000000	0.75	2	2	1.000000	1.00	2	2	1.000000	0	0.000
/Users/fdicostanzo/pcrec/worktrees/m1part/tests/classes/classes.rxt:44	2	2	0.10	1	1	0.000000	0.25	1	1	0.000000	0.50	1	1	0.000000	0.75	2	2	1.000000	1.00	2	2	1.000000	0	0.000
/Users/fdicostanzo/pcrec/worktrees/m1part/tests/classes/classes.rxt:48	2	2	0.10	1	1	0.000000	0.25	1	1	0.000000	0.50	1	1	0.000000	0.75	2	2	1.000000	1.00	2	2	1.000000	0	0.000
/Users/fdicostanzo/pcrec/worktrees/m1part/tests/classes/classes.rxt:52	2	2	0.10	1	1	0.000000	0.25	1	1	0.000000	0.50	1	1	0.000000	0.75	2	2	1.000000	1.00	2	2	1.000000	0	0.000
/Users/fdicostanzo/pcrec/worktrees/m1part/tests/classes/classes.rxt:56	2	2	0.10	1	1	0.000000	0.25	1	1	0.000000	0.50	1	1	0.000000	0.75	2	2	1.000000	1.00	2	2	1.000000	0	0.000
/Users/fdicostanzo/pcrec/worktrees/m1part/tests/classes/classes.rxt:60	2	2	0.10	1	1	0.000000	0.25	1	1	0.000000	0.50	1	1	0.000000	0.75	2	2	1.000000	1.00	2	2	1.000000	0	0.000
/Users/fdicostanzo/pcrec/worktrees/m1part/tests/classes/classes.rxt:64	4	4	0.10	1	1	0.000000	0.25	1	1	0.000000	0.50	2	2	0.000000	0.75	3	3	0.000000	1.00	4	4	1.000000	0	0.000
/Users/fdicostanzo/pcrec/worktrees/m1part/tests/classes/classes.rxt:68	2	2	0.10	1	1	0.000000	0.25	1	1	0.000000	0.50	1	1	0.000000	0.75	2	2	1.000000	1.00	2	2	1.000000	0	0.000
/Users/fdicostanzo/pcrec/worktrees/m1part/tests/classes/classes.rxt:72	2	2	0.10	1	1	0.000000	0.25	1	1	0.000000	0.50	1	1	0.000000	0.75	2	2	1.000000	1.00	2	2	1.000000	0	0.000
/Users/fdicostanzo/pcrec/worktrees/m1part/tests/classes/classes.rxt:80	2	2	0.10	1	1	0.000000	0.25	1	1	0.000000	0.50	1	1	0.000000	0.75	2	2	1.000000	1.00	2	2	1.000000	0	0.000
/Users/fdicostanzo/pcrec/worktrees/m1part/tests/classes/classes.rxt:85	2	2	0.10	1	1	0.000000	0.25	1	1	0.000000	0.50	1	1	0.000000	0.75	2	2	1.000000	1.00	2	2	1.000000	0	0.000
/Users/fdicostanzo/pcrec/worktrees/m1part/tests/classes/classes.rxt:90	2	2	0.10	1	1	0.000000	0.25	1	1	0.000000	0.50	1	1	0.000000	0.75	2	2	1.000000	1.00	2	2	1.000000	0	0.000
/Users/fdicostanzo/pcrec/worktrees/m1part/tests/classes/classes.rxt:95	2	2	0.10	1	1	0.000000	0.25	1	1	0.000000	0.50	1	1	0.000000	0.75	2	2	1.000000	1.00	2	2	1.000000	0	0.000
/Users/fdicostanzo/pcrec/worktrees/m1part/tests/classes/classes.rxt:100	2	2	0.10	1	1	0.000000	0.25	1	1	0.000000	0.50	1	1	0.000000	0.75	2	2	1.000000	1.00	2	2	1.000000	0	0.000
/Users/fdicostanzo/pcrec/worktrees/m1part/tests/classes/classes.rxt:105	2	2	0.10	1	1	0.000000	0.25	1	1	0.000000	0.50	1	1	0.000000	0.75	2	2	1.000000	1.00	2	2	1.000000	0	0.000
/Users/fdicostanzo/pcrec/worktrees/m1part/tests/classes/classes.rxt:112	2	2	0.10	1	1	0.000000	0.25	1	1	0.000000	0.50	1	1	0.000000	0.75	2	2	1.000000	1.00	2	2	1.000000	0	0.000
/Users/fdicostanzo/pcrec/worktrees/m1part/tests/classes/classes.rxt:117	2	2	0.10	1	1	0.000000	0.25	1	1	0.000000	0.50	1	1	0.000000	0.75	2	2	1.000000	1.00	2	2	1.000000	0	0.000
/Users/fdicostanzo/pcrec/worktrees/m1part/tests/classes/classes.rxt:122	2	2	0.10	1	1	0.000000	0.25	1	1	0.000000	0.50	1	1	0.000000	0.75	2	2	1.000000	1.00	2	2	1.000000	0	0.000
/Users/fdicostanzo/pcrec/worktrees/m1part/tests/classes/classes.rxt:127	2	2	0.10	1	1	0.000000	0.25	1	1	0.000000	0.50	1	1	0.000000	0.75	2	2	1.000000	1.00	2	2	1.000000	0	0.000
/Users/fdicostanzo/pcrec/worktrees/m1part/tests/classes/classes.rxt:132	2	2	0.10	1	1	0.000000	0.25	1	1	0.000000	0.50	1	1	0.000000	0.75	2	2	1.000000	1.00	2	2	1.000000	0	0.000
/Users/fdicostanzo/pcrec/worktrees/m1part/tests/classes/classes.rxt:137	2	2	0.10	1	1	0.000000	0.25	1	1	0.000000	0.50	1	1	0.000000	0.75	2	2	1.000000	1.00	2	2	1.000000	0	0.000
/Users/fdicostanzo/pcrec/worktrees/m1part/tests/classes/classes.rxt:142	2	2	0.10	1	1	0.000000	0.25	1	1	0.000000	0.50	1	1	0.000000	0.75	2	2	1.000000	1.00	2	2	1.000000	0	0.000
/Users/fdicostanzo/pcrec/worktrees/m1part/tests/classes/classes.rxt:160	2	2	0.10	1	1	0.000000	0.25	1	1	0.000000	0.50	1	1	0.000000	0.75	2	2	1.000000	1.00	2	2	1.000000	0	0.000
/Users/fdicostanzo/pcrec/worktrees/m1part/tests/classes/classes.rxt:165	2	2	0.10	1	1	0.000000	0.25	1	1	0.000000	0.50	1	1	0.000000	0.75	2	2	1.000000	1.00	2	2	1.000000	0	0.000
/Users/fdicostanzo/pcrec/worktrees/m1part/tests/classes/classes.rxt:170	2	2	0.10	1	1	0.000000	0.25	1	1	0.000000	0.50	1	1	0.000000	0.75	2	2	1.000000	1.00	2	2	1.000000	0	0.000
/Users/fdicostanzo/pcrec/worktrees/m1part/tests/classes/classes.rxt:175	2	2	0.10	1	1	0.000000	0.25	1	1	0.000000	0.50	1	1	0.000000	0.75	2	2	1.000000	1.00	2	2	1.000000	0	0.000
/Users/fdicostanzo/pcrec/worktrees/m1part/tests/classes/classes.rxt:180	2	2	0.10	1	1	0.000000	0.25	1	1	0.000000	0.50	1	1	0.000000	0.75	2	2	1.000000	1.00	2	2	1.000000	0	0.000
/Users/fdicostanzo/pcrec/worktrees/m1part/tests/classes/classes.rxt:185	2	2	0.10	1	1	0.000000	0.25	1	1	0.000000	0.50	1	1	0.000000	0.75	2	2	1.000000	1.00	2	2	1.000000	0	0.000
/Users/fdicostanzo/pcrec/worktrees/m1part/tests/classes/classes.rxt:190	2	2	0.10	1	1	0.000000	0.25	1	1	0.000000	0.50	1	1	0.000000	0.75	2	2	1.000000	1.00	2	2	1.000000	0	0.000
/Users/fdicostanzo/pcrec/worktrees/m1part/tests/classes/classes.rxt:195	2	2	0.10	1	1	0.000000	0.25	1	1	0.000000	0.50	1	1	0.000000	0.75	2	2	1.000000	1.00	2	2	1.000000	0	0.000
/Users/fdicostanzo/pcrec/worktrees/m1part/tests/classes/classes.rxt:200	2	2	0.10	1	1	0.000000	0.25	1	1	0.000000	0.50	1	1	0.000000	0.75	2	2	1.000000	1.00	2	2	1.000000	0	0.000
/Users/fdicostanzo/pcrec/worktrees/m1part/tests/classes/classes.rxt:205	2	2	0.10	1	1	0.000000	0.25	1	1	0.000000	0.50	1	1	0.000000	0.75	2	2	1.000000	1.00	2	2	1.000000	0	0.000
/Users/fdicostanzo/pcrec/worktrees/m1part/tests/classes/classes.rxt:245	3	3	0.10	1	1	0.000000	0.25	1	1	0.000000	0.50	2	2	0.000000	0.75	2	2	0.000000	1.00	3	3	1.000000	0	0.000
/Users/fdicostanzo/pcrec/worktrees/m1part/tests/classes/classes.rxt:298	2	2	0.10	1	1	0.000000	0.25	1	1	0.000000	0.50	1	1	0.000000	0.75	2	2	1.000000	1.00	2	2	1.000000	0	0.000
/Users/fdicostanzo/pcrec/worktrees/m1part/tests/classes/classes.rxt:301	3	3	0.10	1	1	0.000000	0.25	1	1	0.000000	0.50	2	2	0.000000	0.75	2	2	0.000000	1.00	3	3	1.000000	0	0.000
/Users/fdicostanzo/pcrec/worktrees/m1part/tests/classes/classes.rxt:305	2	2	0.10	1	1	0.000000	0.25	1	1	0.000000	0.50	1	1	0.000000	0.75	2	2	1.000000	1.00	2	2	1.000000	0	0.000
/Users/fdicostanzo/pcrec/worktrees/m1part/tests/base/d27_large_counts.rxt:37	1001	1001	0.10	100	100	0.000000	0.25	250	250	0.000000	0.50	501	501	0.000000	0.75	751	751	0.000000	1.00	1001	1001	1.000000	0	0.000
/Users/fdicostanzo/pcrec/worktrees/m1part/tests/base/d27_large_counts.rxt:43	2001	2001	0.10	200	200	0.000000	0.25	500	500	0.000000	0.50	1001	1001	0.000000	0.75	1501	1501	0.000000	1.00	2001	2001	1.000000	0	0.000
/Users/fdicostanzo/pcrec/worktrees/m1part/tests/base/d27_nested_min_boundary.rxt:15	1001	1001	0.10	100	100	0.000000	0.25	250	250	0.000000	0.50	501	501	0.000000	0.75	751	751	0.000000	1.00	1001	1001	1.000000	0	0.000
/Users/fdicostanzo/pcrec/worktrees/m1part/tests/base/d27_nesting.rxt:121	1001	1001	0.10	100	100	0.000000	0.25	250	250	0.000000	0.50	501	501	0.000000	0.75	751	751	0.000000	1.00	1001	1001	1.000000	0	0.000
/Users/fdicostanzo/pcrec/worktrees/m1part/tests/base/d27_nesting.rxt:136	1001	1001	0.10	100	100	0.000000	0.25	250	250	0.000000	0.50	501	501	0.000000	0.75	751	751	0.000000	1.00	1001	1001	1.000000	0	0.000
/Users/fdicostanzo/pcrec-bench/bench/altwide/patterns/ci-256.rx	1321	1302	0.10	132	132	0.000000	0.25	330	330	0.000000	0.50	661	659	0.001513	0.75	991	986	0.001009	1.00	1321	1302	1.000000	0	0.000
/Users/fdicostanzo/pcrec-bench/bench/altwide/patterns/ci-512.rx	2608	2570	0.10	261	261	0.000000	0.25	652	652	0.000000	0.50	1304	1302	0.000767	0.75	1956	1949	0.000511	1.00	2608	2570	1.000000	0	0.000
/Users/fdicostanzo/pcrec-bench/bench/altwide/patterns/cnt-64.rx	1051	969	0.10	105	105	0.000000	0.25	263	263	0.000000	0.50	526	521	0.000000	0.75	788	766	0.031726	1.00	1051	969	1.000000	0	0.000
/Users/fdicostanzo/pcrec-bench/bench/altwide/patterns/floor.rx	2	2	0.10	1	1	0.000000	0.25	1	1	0.000000	0.50	1	1	0.000000	0.75	2	2	1.000000	1.00	2	2	1.000000	0	0.000
/Users/fdicostanzo/pcrec-bench/bench/altwide/patterns/nar4-256.rx	1352	1186	0.10	135	135	0.000000	0.25	338	338	0.000000	0.50	676	668	0.001479	0.75	1014	959	0.000986	1.00	1352	1186	1.000000	0	0.000
/Users/fdicostanzo/pcrec-bench/bench/altwide/patterns/nar4-512.rx	2496	2114	0.10	250	250	0.000000	0.25	624	623	0.001603	0.50	1248	1207	0.000801	0.75	1872	1740	0.000534	1.00	2496	2114	1.000000	0	0.000
/Users/fdicostanzo/pcrec-bench/bench/altwide/patterns/nar4-64.rx	364	335	0.10	36	36	0.000000	0.25	91	91	0.000000	0.50	182	182	0.005495	0.75	273	264	0.003663	1.00	364	335	1.000000	0	0.000
/Users/fdicostanzo/pcrec-bench/bench/altwide/patterns/pfx3-256.rx	968	731	0.10	97	97	0.000000	0.25	242	242	0.000000	0.50	484	462	0.002066	0.75	726	647	0.001377	1.00	968	731	1.000000	0	0.000
/Users/fdicostanzo/pcrec-bench/bench/altwide/patterns/pfx3-512.rx	1887	1366	0.10	189	189	0.000000	0.25	472	470	0.000000	0.50	944	900	0.001059	0.75	1415	1257	0.000707	1.00	1887	1366	1.000000	0	0.000
/Users/fdicostanzo/pcrec-bench/bench/altwide/patterns/s-2048.rx	4520	4422	0.10	452	452	0.000000	0.25	1130	1130	0.000000	0.50	2260	2260	0.000000	0.75	3390	3384	0.000295	1.00	4520	4422	1.000000	0	0.000
/Users/fdicostanzo/pcrec-bench/bench/altwide/patterns/s-256.rx	703	682	0.10	70	70	0.000000	0.25	176	176	0.000000	0.50	352	352	0.000000	0.75	527	526	0.001898	1.00	703	682	1.000000	0	0.000
/Users/fdicostanzo/pcrec-bench/bench/altwide/patterns/s-4096.rx	8269	7976	0.10	827	827	0.000000	0.25	2067	2067	0.000000	0.50	4135	4135	0.000000	0.75	6202	6181	0.000161	1.00	8269	7976	1.000000	0	0.000
/Users/fdicostanzo/pcrec-bench/bench/altwide/patterns/s-512.rx	1364	1333	0.10	136	136	0.000000	0.25	341	341	0.000000	0.50	682	682	0.000000	0.75	1023	1021	0.000978	1.00	1364	1333	1.000000	0	0.000
/Users/fdicostanzo/pcrec-bench/bench/altwide/patterns/sfx-256.rx	1749	1070	0.10	175	175	0.000000	0.25	437	437	0.000000	0.50	875	875	0.000000	0.75	1312	1187	0.000762	1.00	1749	1070	1.000000	1	1.109
/Users/fdicostanzo/pcrec-bench/bench/altwide/patterns/sfx-512.rx	3390	2062	0.10	339	339	0.000000	0.25	848	848	0.000000	0.50	1695	1695	0.000000	0.75	2543	2278	0.000393	1.00	3390	2062	1.000000	1	1.105
/Users/fdicostanzo/pcrec-bench/bench/altwide/patterns/sfx-64.rx	476	317	0.10	48	48	0.000000	0.25	119	119	0.000000	0.50	238	238	0.000000	0.75	357	339	0.002801	1.00	476	317	1.000000	1	1.069
/Users/fdicostanzo/pcrec-bench/bench/altwide/patterns/sh1-256.rx	1272	1048	0.10	127	127	0.000000	0.25	318	317	0.003145	0.50	636	625	0.001572	0.75	954	882	0.001048	1.00	1272	1048	1.000000	0	0.000
/Users/fdicostanzo/pcrec-bench/bench/altwide/patterns/sh1-512.rx	2457	1941	0.10	246	246	0.000000	0.25	614	612	0.001629	0.50	1229	1187	0.000814	0.75	1843	1682	0.000543	1.00	2457	1941	1.000000	0	0.000
/Users/fdicostanzo/pcrec-bench/bench/altwide/patterns/sh1-64.rx	314	284	0.10	31	31	0.000000	0.25	79	79	0.000000	0.50	157	156	0.006369	0.75	236	228	0.004237	1.00	314	284	1.000000	0	0.000
/Users/fdicostanzo/pcrec-bench/bench/altwide/patterns/srt-256.rx	1321	1302	0.10	132	132	0.000000	0.25	330	330	0.000000	0.50	661	659	0.001513	0.75	991	986	0.001009	1.00	1321	1302	1.000000	0	0.000
/Users/fdicostanzo/pcrec-bench/bench/altwide/patterns/srt-512.rx	2608	2570	0.10	261	261	0.000000	0.25	652	652	0.000000	0.50	1304	1302	0.000767	0.75	1956	1949	0.000511	1.00	2608	2570	1.000000	0	0.000
/Users/fdicostanzo/pcrec-bench/bench/altwide/patterns/w-1024.rx	5147	5106	0.10	515	515	0.000000	0.25	1287	1287	0.000000	0.50	2574	2572	0.000389	0.75	3860	3851	0.000259	1.00	5147	5106	1.000000	0	0.000
/Users/fdicostanzo/pcrec-bench/bench/altwide/patterns/w-128.rx	683	677	0.10	68	68	0.000000	0.25	171	171	0.000000	0.50	342	341	0.002924	0.75	512	511	0.001953	1.00	683	677	1.000000	0	0.000
/Users/fdicostanzo/pcrec-bench/bench/altwide/patterns/w-192.rx	999	986	0.10	100	100	0.000000	0.25	250	250	0.000000	0.50	500	497	0.002000	0.75	749	743	0.001335	1.00	999	986	1.000000	0	0.000
/Users/fdicostanzo/pcrec-bench/bench/altwide/patterns/w-2048.rx	9872	9798	0.10	987	987	0.000000	0.25	2468	2468	0.000000	0.50	4936	4932	0.000203	0.75	7404	7385	0.000135	1.00	9872	9798	1.000000	0	0.000
/Users/fdicostanzo/pcrec-bench/bench/altwide/patterns/w-256.rx	1321	1302	0.10	132	132	0.000000	0.25	330	330	0.000000	0.50	661	659	0.001513	0.75	991	986	0.001009	1.00	1321	1302	1.000000	0	0.000
/Users/fdicostanzo/pcrec-bench/bench/altwide/patterns/w-384.rx	1964	1928	0.10	196	196	0.000000	0.25	491	491	0.000000	0.50	982	981	0.001018	0.75	1473	1467	0.000679	1.00	1964	1928	1.000000	0	0.000
/Users/fdicostanzo/pcrec-bench/bench/altwide/patterns/w-512.rx	2608	2570	0.10	261	261	0.000000	0.25	652	652	0.000000	0.50	1304	1302	0.000767	0.75	1956	1949	0.000511	1.00	2608	2570	1.000000	0	0.000
/Users/fdicostanzo/pcrec-bench/bench/altwide/patterns/w-64.rx	351	349	0.10	35	35	0.000000	0.25	88	88	0.000000	0.50	176	176	0.005682	0.75	263	262	0.003802	1.00	351	349	1.000000	0	0.000
/Users/fdicostanzo/pcrec-bench/bench/altwide/patterns/w-8.rx	37	36	0.10	4	4	0.000000	0.25	9	9	0.000000	0.50	19	19	0.000000	0.75	28	28	0.035714	1.00	37	36	1.000000	0	0.000
/Users/fdicostanzo/pcrec-bench/bench/altwide/patterns/w-96.rx	530	525	0.10	53	53	0.000000	0.25	133	133	0.000000	0.50	265	265	0.003774	0.75	398	397	0.002513	1.00	530	525	1.000000	0	0.000
/Users/fdicostanzo/pcrec-bench/bench/altwide/patterns/wb-256.rx	1322	1065	0.10	132	132	0.000000	0.25	331	331	0.000000	0.50	661	636	0.000000	0.75	992	895	0.000000	1.00	1322	1065	1.000000	0	0.000
/Users/fdicostanzo/pcrec-bench/bench/altwide/patterns/wb-512.rx	2609	2043	0.10	261	261	0.000000	0.25	652	649	0.000000	0.50	1305	1247	0.000000	0.75	1957	1761	0.000000	1.00	2609	2043	1.000000	0	0.000
