pass	load1	name	size	kind	n	rc	span	o_med	o_min	o_max	t_med	t_min	t_max	d_med	d_min	d_max
1	4.77	bench-anc-dollar	1m	long	1047485	1	1047481,1047485	14.3	14.2	16.7	22.2	21.9	25.3	311627.3	308712.0	334584.3
1	4.77	bench-anc-dollar	1m	short	1047485	1	1047481,1047485	14.3	14.1	16.1	22.2	22.0	22.3	311250.3	308648.7	337219.0
1	4.77	bench-anc-dollar	1m	non	1047485	0	-1,-1	3.4	3.3	4.0	2.7	2.7	2.7	309363.3	306157.3	339086.0
1	4.77	bench-anc-dollar	1m	nl	1047486	1	1047481,1047485	18.5	18.4	20.5	28.3	27.6	30.7	315034.0	308822.3	335843.0
1	4.77	bench-anc-dollar	64k	long	64445	1	64441,64445	14.2	14.1	17.6	22.0	21.9	24.2	9508.0	9467.7	18174.0
1	4.77	bench-anc-dollar	64k	short	64445	1	64441,64445	14.2	14.1	19.2	22.1	21.9	31.5	9574.7	9457.7	17863.7
1	4.77	bench-anc-dollar	64k	non	64445	0	-1,-1	3.4	3.3	4.7	2.7	2.7	4.6	9528.0	9484.3	17893.7
1	4.77	bench-anc-dollar	64k	nl	64446	1	64441,64445	18.3	18.1	39.6	28.1	27.3	35.9	9514.7	9404.3	15215.3
1	4.77	bench-anc-z-lc	1m	long	1047485	1	1047481,1047485	18.4	18.3	25.9	24.3	24.0	55.1	317291.3	315879.0	1013895.0
1	4.77	bench-anc-z-lc	1m	short	1047485	1	1047481,1047485	15.8	15.7	18.9	24.3	24.0	27.0	317869.3	315618.3	337162.3
1	4.77	bench-anc-z-lc	1m	non	1047485	0	-1,-1	3.4	3.2	5.1	2.2	2.2	2.3	315792.0	313220.3	339163.0
1	4.77	bench-anc-z-lc	64k	long	64445	1	64441,64445	15.7	15.6	17.4	24.3	24.1	26.2	9541.3	9487.7	15052.0
1	4.77	bench-anc-z-lc	64k	short	64445	1	64441,64445	15.7	15.6	19.6	24.3	24.0	26.4	9514.7	9437.7	14934.7
1	4.77	bench-anc-z-lc	64k	non	64445	0	-1,-1	3.4	3.2	3.4	2.2	2.2	2.2	9424.3	9394.7	14784.3
1	4.77	bench-anc-z-uc	1m	long	1047485	1	1047481,1047485	14.3	14.2	19.9	22.1	22.0	24.8	309844.0	305111.7	338378.0
1	4.77	bench-anc-z-uc	1m	short	1047485	1	1047481,1047485	14.3	14.2	14.8	22.2	22.0	22.2	311380.7	307359.3	342115.0
1	4.77	bench-anc-z-uc	1m	non	1047485	0	-1,-1	3.4	3.3	5.2	2.7	2.7	4.6	309189.7	305763.0	336491.3
1	4.77	bench-anc-z-uc	1m	nl	1047486	1	1047481,1047485	18.5	18.4	24.8	28.4	27.7	35.8	313581.0	309236.3	332887.7
1	4.77	bench-anc-z-uc	64k	long	64445	1	64441,64445	14.4	14.3	21.1	22.3	22.1	26.1	9621.7	9601.3	18652.0
1	4.77	bench-anc-z-uc	64k	short	64445	1	64441,64445	14.3	14.2	16.2	22.2	22.1	40.2	9591.7	9558.0	18371.3
1	4.77	bench-anc-z-uc	64k	non	64445	0	-1,-1	3.4	3.3	3.4	2.7	2.7	2.7	9591.3	9518.0	18291.0
1	4.77	bench-anc-z-uc	64k	nl	64446	1	64441,64445	18.5	18.3	21.8	28.2	27.6	40.0	9561.3	9514.7	14564.3
1	4.77	bench-abc-dollar	1m	long	1047480	1	1047477,1047480	12.2	12.1	20.3	17.6	17.4	27.5	49089.0	48825.7	91131.7
1	4.77	bench-abc-dollar	1m	short	1047480	1	1047477,1047480	12.2	12.1	35.6	17.5	17.4	29.4	48745.3	48544.7	196276.7
1	4.77	bench-abc-dollar	1m	non	1047480	0	-1,-1	4.6	4.4	7.8	2.7	2.7	4.1	48972.3	48671.7	103301.3
1	4.77	bench-abc-dollar	1m	nl	1047481	1	1047477,1047480	11.5	11.4	13.2	20.0	19.8	23.7	48778.7	48645.3	88884.3
1	4.77	bench-abc-dollar	64k	long	64440	1	64437,64440	12.1	12.1	16.3	17.5	17.4	35.3	2949.0	2928.7	4515.3
1	4.77	bench-abc-dollar	64k	short	64440	1	64437,64440	12.2	12.1	14.9	17.5	17.4	22.2	2958.7	2945.7	4849.3
1	4.77	bench-abc-dollar	64k	non	64440	0	-1,-1	4.4	4.4	7.5	2.7	2.7	4.7	2925.3	2915.7	5203.3
1	4.77	bench-abc-dollar	64k	nl	64441	1	64437,64440	17.8	17.3	18.3	27.7	27.3	30.2	3216.0	3126.0	6388.7
1	4.77	bench-letters-bounded-tail-z	1m	long	1048477	1	1047477,1048477	720.6	718.3	1269.9	1054.4	1048.4	1501.7	1356497.3	1335594.7	1534917.3
1	4.77	bench-letters-bounded-tail-z	1m	short	1047479	1	1047477,1047479	474.7	469.2	494.6	7.6	7.5	9.1	1336606.7	1329657.0	1376325.0
1	4.77	bench-letters-bounded-tail-z	1m	non	1047480	1	1047480,1047480	481.6	475.7	519.7	4.1	4.0	4.6	1361276.3	1345720.3	1415027.7
1	4.77	bench-letters-bounded-tail-z	64k	long	65437	1	64437,65437	725.4	718.0	740.9	1055.5	1048.6	1146.5	33463.0	32064.0	71324.7
1	4.77	bench-letters-bounded-tail-z	64k	short	64439	1	64437,64439	477.1	469.4	571.3	7.5	7.5	8.8	31927.0	31456.0	70065.7
1	4.77	bench-letters-bounded-tail-z	64k	non	64440	1	64440,64440	483.7	479.5	580.6	4.1	4.0	4.1	32668.0	32123.7	74410.3
1	4.77	w-d18-dollar	1m	long	1047488	1	1047480,1047488	15.6	15.3	19.6	19.2	18.9	39.2	501448.7	498403.0	522498.7
1	4.77	w-d18-dollar	1m	short	1047481	1	1047480,1047481	7.1	7.1	11.9	7.5	7.4	12.6	507737.3	502844.7	650666.7
1	4.77	w-d18-dollar	1m	non	1047489	0	-1,-1	13.9	8.0	14.8	4.5	2.5	4.9	766542.0	501696.0	826645.0
1	4.77	w-d18-dollar	1m	nl	1047482	1	1047480,1047481	8.0	7.1	11.2	9.2	9.1	9.5	504364.3	498977.3	561001.0
1	4.77	w-d18-dollar	64k	long	64448	1	64440,64448	15.6	15.3	19.3	19.1	18.8	22.5	20352.0	20268.0	28720.7
1	4.77	w-d18-dollar	64k	short	64441	1	64440,64441	8.3	8.1	9.6	7.4	7.4	9.5	15880.0	15793.0	26961.0
1	4.77	w-d18-dollar	64k	non	64449	0	-1,-1	8.0	7.8	10.9	2.5	2.5	3.8	20502.0	20355.0	37517.3
1	4.77	w-d18-dollar	64k	nl	64442	1	64440,64441	8.2	8.1	14.0	9.1	9.0	13.0	15602.7	15512.7	34501.7
1	4.77	w-az64-z	1m	long	1047537	1	1047477,1047537	44.3	43.8	48.2	61.2	60.4	74.1	1378318.7	1348472.3	1391914.0
1	4.77	w-az64-z	1m	short	1047479	1	1047477,1047479	31.3	31.1	61.2	7.5	7.5	17.2	1363173.3	1339983.0	1879473.3
1	4.77	w-az64-z	1m	non	1047480	1	1047480,1047480	32.1	31.1	52.3	4.1	4.0	6.7	1380763.0	1349447.3	1415388.3
1	4.87	w-az64-z	64k	long	64497	1	64437,64497	44.8	43.8	68.4	60.6	59.8	85.9	31576.0	30931.7	65209.7
1	4.87	w-az64-z	64k	short	64439	1	64437,64439	33.2	32.7	56.0	7.5	7.4	11.8	30911.7	30618.0	62648.0
1	4.87	w-az64-z	64k	non	64440	1	64440,64440	33.2	32.7	70.9	4.0	4.0	6.9	32184.0	31599.7	69190.7
1	4.87	w-foo-barbaz-txt	1m	long	1047491	1	1047481,1047491	28.3	28.2	34.3	43.0	42.5	50.6	463053.0	422136.0	545652.0
1	4.87	w-foo-barbaz-txt	1m	short	1047484	1	1047477,1047484	23.6	23.4	26.1	33.8	33.5	37.1	463901.3	454677.3	519429.3
1	4.87	w-foo-barbaz-txt	1m	non	1047488	0	-1,-1	13.6	13.4	18.6	2.7	2.7	4.2	464846.3	452954.0	536424.7
1	4.87	w-foo-barbaz-txt	1m	nl	1047485	1	1047477,1047484	23.9	23.7	27.4	35.7	35.5	40.6	424697.3	419367.3	480986.7
1	4.87	w-foo-barbaz-txt	64k	long	64451	1	64441,64451	36.7	34.9	40.7	52.8	50.5	55.8	36044.7	31061.7	49042.3
1	4.87	w-foo-barbaz-txt	64k	short	64444	1	64437,64444	30.5	28.4	33.5	41.6	39.5	69.9	36545.3	33072.7	50638.7
1	4.87	w-foo-barbaz-txt	64k	non	64448	0	-1,-1	13.5	13.1	15.6	2.7	2.7	4.1	20371.7	20255.0	35016.0
1	4.87	w-foo-barbaz-txt	64k	nl	64445	1	64437,64444	23.8	23.6	24.0	35.6	35.4	48.7	20555.3	20488.7	26703.7
1	4.87	c-bfoo-dollar	1m	long	1047483	1	1047480,1047483	16.8	16.7	19.8	23.4	22.6	28.6	89382.0	88580.3	185443.0
1	4.87	c-bfoo-dollar	1m	short	1047480	1	1047477,1047480	16.8	16.7	18.5	23.5	22.7	26.9	90160.0	88727.3	185863.7
1	4.87	c-bfoo-dollar	1m	non	1047481	0	-1,-1	11.5	11.4	14.2	2.7	2.7	4.6	89675.7	88450.0	196724.3
1	4.87	c-bfoo-dollar	1m	nl	1047481	1	1047477,1047480	19.3	19.2	21.0	26.2	25.9	29.6	88780.7	88610.7	180173.0
1	4.87	c-bfoo-dollar	64k	long	64443	1	64440,64443	16.7	16.6	19.1	23.2	22.5	27.7	5430.0	5373.7	8212.3
1	4.87	c-bfoo-dollar	64k	short	64440	1	64437,64440	16.7	16.5	21.7	23.3	22.5	25.5	5423.7	5373.3	9928.7
1	4.87	c-bfoo-dollar	64k	non	64441	0	-1,-1	11.4	11.3	14.3	2.7	2.6	2.7	5410.0	5370.3	8222.0
1	4.87	c-bfoo-dollar	64k	nl	64441	1	64437,64440	16.5	16.3	20.1	25.6	25.1	46.9	5433.7	5403.7	10509.7
1	4.87	c-a5b5-dollar	1m	long	1047497	1	1047477,1047497	41.2	40.8	56.9	48.4	48.1	56.0	400458.3	397289.0	434609.3
1	4.87	c-a5b5-dollar	1m	short	1047487	1	1047477,1047487	27.6	27.4	37.7	31.5	31.2	47.4	399500.0	396297.3	418422.3
1	4.87	c-a5b5-dollar	1m	non	1047486	0	-1,-1	30.2	29.8	33.3	6.7	6.7	6.8	400501.7	398845.3	424183.0
1	4.87	c-a5b5-dollar	1m	nl	1047488	1	1047477,1047487	34.6	34.4	37.0	40.4	40.2	44.8	398688.3	396457.3	422052.3
1	4.87	c-a5b5-dollar	64k	long	64457	1	64437,64457	41.3	40.6	49.0	47.9	47.2	52.4	23163.7	22886.7	24092.3
1	4.87	c-a5b5-dollar	64k	short	64447	1	64437,64447	27.6	27.3	31.1	30.2	29.8	34.2	23040.0	22826.3	24312.7
1	4.87	c-a5b5-dollar	64k	non	64446	0	-1,-1	27.9	20.1	43.3	12.1	6.1	14.6	23040.3	22662.7	1027036.3
1	4.87	c-a5b5-dollar	64k	nl	64448	1	64437,64447	34.7	34.6	47.5	39.6	39.5	48.8	23097.0	22923.3	25224.3
1	4.87	c-notc13-z	1m	long	1047480	1	1047477,1047480	5.4	5.3	12.3	7.7	7.7	14.7	208777.0	202642.3	416545.3
1	4.87	c-notc13-z	1m	short	1047478	1	1047475,1047478	5.4	5.3	6.1	7.7	7.6	9.4	206716.3	202889.3	232889.0
1	4.87	c-notc13-z	1m	non	1047480	0	-1,-1	5.0	4.2	10.2	2.1	2.1	2.1	207835.3	203393.3	243762.7
1	4.87	c-notc13-z	64k	long	64440	1	64437,64440	5.3	5.3	5.4	7.6	7.6	11.3	12567.3	12470.3	15489.0
1	4.87	c-notc13-z	64k	short	64438	1	64435,64438	5.3	5.3	22.3	7.6	7.6	9.7	12560.3	12329.7	15860.0
1	4.87	c-notc13-z	64k	non	64440	0	-1,-1	4.9	4.8	11.1	2.1	2.1	3.4	12450.3	12440.0	14801.0
1	4.87	c-error-dollar	1m	long	1047482	1	1047477,1047482	15.7	15.6	21.5	22.0	21.8	29.6	7577.3	7497.3	10376.0
1	4.87	c-error-dollar	1m	short	1047482	1	1047477,1047482	15.7	15.5	19.0	22.0	21.8	45.4	7554.3	7484.3	8900.3
1	4.87	c-error-dollar	1m	non	1047481	0	-1,-1	8.6	5.6	8.7	2.8	2.8	5.0	7530.7	7491.0	10166.0
1	4.87	c-error-dollar	1m	nl	1047483	1	1047477,1047482	22.6	22.5	26.3	27.9	27.7	71.6	7480.7	7427.3	13084.7
1	4.87	c-error-dollar	64k	long	64442	1	64437,64442	15.8	15.6	19.1	21.9	21.8	26.2	417.7	414.0	491.0
1	4.87	c-error-dollar	64k	short	64442	1	64437,64442	15.7	15.5	30.2	21.8	21.8	22.7	417.3	414.0	501.0
1	4.87	c-error-dollar	64k	non	64441	0	-1,-1	5.6	5.5	8.1	2.7	2.7	3.2	394.0	387.3	410.7
1	4.87	c-error-dollar	64k	nl	64443	1	64437,64442	22.5	22.2	26.6	29.3	28.9	36.4	427.3	417.7	500.7
1	4.87	c-xaz5-z	1m	long	1047483	1	1047477,1047483	18.7	18.5	21.6	28.3	27.9	28.9	267257.3	261880.3	295560.7
1	4.87	c-xaz5-z	1m	short	1047478	1	1047477,1047478	6.0	6.0	11.0	6.8	6.7	11.1	269511.3	254486.3	299595.0
1	4.87	c-xaz5-z	1m	non	1047479	0	-1,-1	4.8	4.6	8.8	2.3	2.3	2.3	251811.3	244314.0	316704.0
1	4.87	c-xaz5-z	64k	long	64443	1	64437,64443	18.8	18.6	20.3	28.4	28.2	33.0	6208.3	6178.3	17396.3
1	4.87	c-xaz5-z	64k	short	64438	1	64437,64438	6.0	6.0	8.8	7.4	7.4	10.2	6175.0	6158.0	11802.3
1	4.87	c-xaz5-z	64k	non	64439	0	-1,-1	4.8	4.6	8.3	2.3	2.3	2.3	6201.7	6158.0	11709.0
2	4.87	bench-anc-dollar	1m	long	1047485	1	1047481,1047485	14.3	14.2	21.0	22.2	22.1	29.8	312606.0	309777.3	340522.0
2	4.87	bench-anc-dollar	1m	short	1047485	1	1047481,1047485	14.4	14.2	23.1	22.2	22.1	31.8	314212.7	309349.7	363435.0
2	4.87	bench-anc-dollar	1m	non	1047485	0	-1,-1	3.5	3.4	4.8	2.7	2.7	4.5	309510.3	306407.7	364447.3
2	4.87	bench-anc-dollar	1m	nl	1047486	1	1047481,1047485	18.5	18.4	22.4	28.4	27.7	30.9	328736.7	312279.0	357581.0
2	4.87	bench-anc-dollar	64k	long	64445	1	64441,64445	14.4	14.3	1520.6	22.2	22.1	31.9	9942.0	9538.0	23731.7
2	4.87	bench-anc-dollar	64k	short	64445	1	64441,64445	23.4	22.6	25.4	31.5	30.0	52.9	17857.0	12600.3	26587.0
2	4.87	bench-anc-dollar	64k	non	64445	0	-1,-1	5.4	4.9	7.5	5.1	4.8	5.3	13001.3	12503.7	29452.3
2	4.87	bench-anc-dollar	64k	nl	64446	1	64441,64445	24.8	23.6	26.4	36.9	35.6	41.2	12961.0	12433.3	21173.3
2	4.87	bench-anc-z-lc	1m	long	1047485	1	1047481,1047485	24.0	22.6	25.9	31.8	30.7	35.2	429740.3	415466.7	439585.3
2	4.87	bench-anc-z-lc	1m	short	1047485	1	1047481,1047485	24.0	22.8	25.8	32.1	30.6	34.8	428057.0	422523.3	446722.0
2	4.87	bench-anc-z-lc	1m	non	1047485	0	-1,-1	5.5	5.4	5.7	4.1	3.9	4.4	426871.7	423247.7	450158.7
2	4.87	bench-anc-z-lc	64k	long	64445	1	64441,64445	24.1	22.8	27.5	32.2	30.7	36.7	14170.0	13372.0	20996.0
2	4.87	bench-anc-z-lc	64k	short	64445	1	64441,64445	23.4	21.3	27.1	31.3	30.0	35.2	14440.3	13488.7	23070.3
2	4.87	bench-anc-z-lc	64k	non	64445	0	-1,-1	5.4	5.0	7.9	3.9	3.5	4.3	13739.0	12851.0	19997.7
2	4.87	bench-anc-z-uc	1m	long	1047485	1	1047481,1047485	23.0	20.6	23.9	31.4	30.2	33.0	404830.0	392543.3	423612.0
2	4.87	bench-anc-z-uc	1m	short	1047485	1	1047481,1047485	23.1	22.0	26.4	31.7	30.3	62.7	405023.7	389411.0	411926.7
2	4.87	bench-anc-z-uc	1m	non	1047485	0	-1,-1	5.3	4.7	8.7	5.1	4.5	5.4	402662.3	382551.0	415453.3
2	4.87	bench-anc-z-uc	1m	nl	1047486	1	1047481,1047485	27.7	26.5	31.6	39.7	37.4	44.7	403030.0	380454.0	417544.0
2	4.87	bench-anc-z-uc	64k	long	64445	1	64441,64445	14.3	14.3	16.6	22.2	22.1	24.3	9604.7	9551.3	18538.3
2	4.87	bench-anc-z-uc	64k	short	64445	1	64441,64445	14.3	14.2	15.2	22.2	22.0	27.0	9561.3	9501.3	18631.7
2	4.87	bench-anc-z-uc	64k	non	64445	0	-1,-1	3.4	3.2	3.4	2.7	2.6	4.7	9501.3	9447.7	18077.3
2	4.87	bench-anc-z-uc	64k	nl	64446	1	64441,64445	18.4	18.3	20.7	28.1	27.6	61.8	9541.3	9497.7	14687.7
2	4.87	bench-abc-dollar	1m	long	1047480	1	1047477,1047480	12.2	12.1	14.9	17.5	17.4	20.4	48865.3	48625.0	88840.7
2	4.87	bench-abc-dollar	1m	short	1047480	1	1047477,1047480	12.1	12.0	14.1	17.5	17.3	19.9	48899.0	48394.7	86660.0
2	4.87	bench-abc-dollar	1m	non	1047480	0	-1,-1	4.4	4.3	5.2	2.7	2.6	2.7	48648.3	47983.7	118406.7
2	4.87	bench-abc-dollar	1m	nl	1047481	1	1047477,1047480	11.4	11.3	13.1	19.9	19.7	21.9	48708.7	48097.3	98602.3
2	4.87	bench-abc-dollar	64k	long	64440	1	64437,64440	12.1	12.0	12.5	17.4	17.2	24.7	2932.3	2898.7	4462.0
2	4.87	bench-abc-dollar	64k	short	64440	1	64437,64440	12.2	12.1	14.4	17.3	17.2	22.2	2922.0	2902.0	4345.0
2	4.87	bench-abc-dollar	64k	non	64440	0	-1,-1	4.3	4.3	8.7	2.6	2.6	2.9	2899.0	2889.0	5213.3
2	4.87	bench-abc-dollar	64k	nl	64441	1	64437,64440	11.4	11.3	14.1	19.8	19.4	23.6	2919.0	2888.7	5336.7
2	4.87	bench-letters-bounded-tail-z	1m	long	1048477	1	1047477,1048477	720.8	713.7	770.6	1056.0	1043.8	1104.9	1355619.3	1327422.7	1374842.3
2	4.87	bench-letters-bounded-tail-z	1m	short	1047479	1	1047477,1047479	479.9	470.7	856.6	7.6	7.5	13.9	1355936.7	1342023.7	1737609.3
2	4.87	bench-letters-bounded-tail-z	1m	non	1047480	1	1047480,1047480	489.3	477.5	1012.5	4.2	4.1	8.3	1401298.3	1365290.7	1903351.7
2	4.87	bench-letters-bounded-tail-z	64k	long	65437	1	64437,65437	732.2	723.2	1360.1	1064.8	1058.4	3273.5	35082.7	32585.0	122895.0
2	4.87	bench-letters-bounded-tail-z	64k	short	64439	1	64437,64439	482.4	473.2	516.7	7.6	7.5	10.6	32534.7	31653.0	71902.3
2	4.87	bench-letters-bounded-tail-z	64k	non	64440	1	64440,64440	489.1	482.8	509.3	4.1	4.1	7.6	33215.7	32211.0	71070.7
2	4.87	w-d18-dollar	1m	long	1047488	1	1047480,1047488	15.6	15.4	19.0	19.3	18.9	23.7	505913.7	498957.3	551286.0
2	4.87	w-d18-dollar	1m	short	1047481	1	1047480,1047481	7.1	7.1	10.5	7.5	7.4	9.7	508692.3	504023.7	538411.7
2	4.87	w-d18-dollar	1m	non	1047489	0	-1,-1	8.1	8.0	11.1	2.5	2.5	2.5	502210.3	498366.3	542245.7
2	4.87	w-d18-dollar	1m	nl	1047482	1	1047480,1047481	11.3	7.1	14.9	14.4	9.1	17.6	671282.0	503161.7	704561.7
2	4.87	w-d18-dollar	64k	long	64448	1	64440,64448	15.7	15.3	18.2	19.2	18.9	22.8	20645.7	20368.3	29081.3
2	4.87	w-d18-dollar	64k	short	64441	1	64440,64441	8.4	8.1	14.4	8.0	7.9	12.8	15936.7	15843.3	41211.0
2	4.87	w-d18-dollar	64k	non	64449	0	-1,-1	8.1	8.0	9.3	2.5	2.5	3.8	20622.3	20488.7	32735.0
2	4.87	w-d18-dollar	64k	nl	64442	1	64440,64441	8.1	8.0	11.3	9.2	9.1	29.5	15606.0	15502.3	26587.0
2	4.87	w-az64-z	1m	long	1047537	1	1047477,1047537	45.0	44.2	80.4	61.3	60.7	84.7	1361183.0	1348582.7	1473498.0
2	4.87	w-az64-z	1m	short	1047479	1	1047477,1047479	31.3	30.5	34.9	7.6	7.5	8.2	1358007.0	1345824.0	1421747.0
2	4.87	w-az64-z	1m	non	1047480	1	1047480,1047480	32.2	30.5	53.8	4.1	4.0	7.8	1364392.3	1357008.3	1448220.3
2	4.87	w-az64-z	64k	long	64497	1	64437,64497	44.9	44.4	86.4	62.2	60.9	101.3	34107.7	31252.3	68232.0
2	4.87	w-az64-z	64k	short	64439	1	64437,64439	33.2	32.6	62.6	7.5	7.4	15.0	31229.0	30798.0	64541.7
2	4.87	w-az64-z	64k	non	64440	1	64440,64440	33.4	33.0	67.7	4.1	4.0	9.2	32818.3	31823.3	99167.0
2	4.87	w-foo-barbaz-txt	1m	long	1047491	1	1047481,1047491	28.5	28.3	33.9	43.2	43.0	48.9	466245.7	424937.7	528827.0
2	4.87	w-foo-barbaz-txt	1m	short	1047484	1	1047477,1047484	23.8	23.5	30.4	34.2	33.8	43.8	490227.7	465307.0	545481.7
2	4.87	w-foo-barbaz-txt	1m	non	1047488	0	-1,-1	13.6	13.4	26.8	2.7	2.7	4.4	482933.7	463036.0	560403.0
2	4.87	w-foo-barbaz-txt	1m	nl	1047485	1	1047477,1047484	23.9	23.8	25.7	36.0	35.8	39.4	467347.7	461533.3	531205.0
2	4.87	w-foo-barbaz-txt	64k	long	64451	1	64441,64451	28.4	28.1	32.9	43.1	42.6	52.3	20512.0	20235.0	28898.0
2	4.87	w-foo-barbaz-txt	64k	short	64444	1	64437,64444	23.6	23.3	27.7	33.9	33.5	36.4	20635.3	20365.3	33824.0
2	4.87	w-foo-barbaz-txt	64k	non	64448	0	-1,-1	13.6	13.3	34.7	2.7	2.7	2.7	20375.0	20318.3	25227.7
2	4.87	w-foo-barbaz-txt	64k	nl	64445	1	64437,64444	23.8	23.7	26.0	35.7	35.4	70.3	20535.3	20355.0	30063.3
2	4.87	c-bfoo-dollar	1m	long	1047483	1	1047480,1047483	16.9	16.7	21.7	23.4	22.7	28.4	89819.3	88193.0	193618.3
2	4.87	c-bfoo-dollar	1m	short	1047480	1	1047477,1047480	16.9	16.8	22.0	23.6	22.7	29.8	90086.3	88563.7	195973.0
2	4.87	c-bfoo-dollar	1m	non	1047481	0	-1,-1	11.5	11.5	17.2	2.7	2.7	4.3	90467.3	88857.7	183973.7
2	4.87	c-bfoo-dollar	1m	nl	1047481	1	1047477,1047480	16.6	16.5	21.1	24.9	24.4	29.6	90093.3	88517.0	213689.7
2	4.87	c-bfoo-dollar	64k	long	64443	1	64440,64443	16.9	16.7	23.6	23.5	22.6	30.2	5467.0	5403.7	8325.7
2	4.87	c-bfoo-dollar	64k	short	64440	1	64437,64440	16.9	16.8	23.3	23.6	22.8	30.3	5487.0	5426.7	9020.3
2	4.87	c-bfoo-dollar	64k	non	64441	0	-1,-1	11.6	11.5	18.9	2.7	2.7	4.8	5480.3	5423.3	10903.7
2	4.87	c-bfoo-dollar	64k	nl	64441	1	64437,64440	16.6	16.5	51.2	24.7	24.5	26.5	5460.3	5426.7	7106.7
2	4.87	c-a5b5-dollar	1m	long	1047497	1	1047477,1047497	41.7	41.2	55.7	49.4	48.6	78.9	402889.3	399309.7	427302.3
2	4.87	c-a5b5-dollar	1m	short	1047487	1	1047477,1047487	27.8	27.6	39.8	31.7	31.4	51.5	402929.7	398431.0	423041.0
2	4.87	c-a5b5-dollar	1m	non	1047486	0	-1,-1	20.3	20.2	29.6	6.7	6.7	13.3	403163.3	400064.0	426407.3
2	4.87	c-a5b5-dollar	1m	nl	1047488	1	1047477,1047487	34.8	34.5	38.5	40.6	40.4	47.4	401357.0	399022.3	419714.7
2	4.87	c-a5b5-dollar	64k	long	64457	1	64437,64457	41.6	41.2	46.8	48.1	47.7	61.5	23273.7	23080.3	24680.0
2	4.87	c-a5b5-dollar	64k	short	64447	1	64437,64447	27.8	27.5	31.8	30.4	30.2	64.9	23193.7	23073.3	24583.0
2	4.87	c-a5b5-dollar	64k	non	64446	0	-1,-1	20.3	20.2	22.9	6.1	6.1	10.0	23167.0	23043.3	24543.0
2	4.87	c-a5b5-dollar	64k	nl	64448	1	64437,64447	34.8	34.4	37.1	39.8	39.6	44.3	23183.7	23060.3	24546.3
2	4.87	c-notc13-z	1m	long	1047480	1	1047477,1047480	5.4	5.4	7.4	7.7	7.7	9.5	209147.7	205684.3	242480.7
2	4.87	c-notc13-z	1m	short	1047478	1	1047475,1047478	5.4	5.4	5.5	7.7	7.7	12.8	208733.7	206285.3	281547.7
2	4.87	c-notc13-z	1m	non	1047480	0	-1,-1	4.6	4.3	7.7	2.1	2.1	3.6	212019.7	206422.3	264759.3
2	4.87	c-notc13-z	64k	long	64440	1	64437,64440	5.4	5.3	9.8	7.7	7.6	14.0	12633.7	12436.7	24583.0
2	4.87	c-notc13-z	64k	short	64438	1	64435,64438	5.3	5.3	10.4	7.7	7.6	13.9	12627.3	12437.0	16304.0
2	4.87	c-notc13-z	64k	non	64440	0	-1,-1	5.0	4.4	8.1	2.1	2.1	3.4	12634.0	12617.0	17703.3
2	4.87	c-error-dollar	1m	long	1047482	1	1047477,1047482	15.9	15.8	25.2	22.2	22.0	34.5	7724.7	7614.3	10075.7
2	4.87	c-error-dollar	1m	short	1047482	1	1047477,1047482	15.8	15.8	16.8	22.2	22.0	48.1	7697.7	7621.3	9674.7
2	4.87	c-error-dollar	1m	non	1047481	0	-1,-1	8.6	5.8	8.6	2.8	2.8	6.1	7607.7	7514.3	9030.3
2	4.87	c-error-dollar	1m	nl	1047483	1	1047477,1047482	19.8	19.7	46.3	28.0	27.9	31.9	7594.0	7530.7	8696.3
2	4.87	c-error-dollar	64k	long	64442	1	64437,64442	15.8	15.6	18.0	22.1	22.0	27.7	424.0	417.3	504.3
2	4.87	c-error-dollar	64k	short	64442	1	64437,64442	25.6	24.4	39.4	35.7	34.1	40.8	557.7	521.0	668.0
2	4.87	c-error-dollar	64k	non	64441	0	-1,-1	8.1	7.4	8.5	5.4	4.8	8.0	491.0	454.3	584.7
2	4.87	c-error-dollar	64k	nl	64443	1	64437,64442	25.5	24.9	30.1	38.5	36.7	43.7	608.0	524.3	681.3
2	4.87	c-xaz5-z	1m	long	1047483	1	1047477,1047483	27.9	26.9	29.2	35.8	35.1	38.5	350507.3	344656.3	363144.7
2	4.87	c-xaz5-z	1m	short	1047478	1	1047477,1047478	11.1	10.0	13.0	11.1	10.7	14.2	336607.7	329427.7	358058.3
2	4.87	c-xaz5-z	1m	non	1047479	0	-1,-1	8.9	8.1	11.9	4.3	3.7	6.8	340044.3	334023.3	354408.0
2	4.87	c-xaz5-z	64k	long	64443	1	64437,64443	28.0	27.0	31.6	36.1	34.9	39.6	12821.0	8379.0	21994.7
2	4.87	c-xaz5-z	64k	short	64438	1	64437,64438	11.2	10.3	13.0	11.4	10.7	14.1	8342.3	7835.0	12664.0
2	4.87	c-xaz5-z	64k	non	64439	0	-1,-1	8.5	8.3	8.9	4.2	3.8	4.5	8065.3	7804.7	13989.7
3	4.87	bench-anc-dollar	1m	long	1047485	1	1047481,1047485	23.6	23.1	27.0	31.8	30.1	66.6	413432.7	408386.3	422590.0
3	4.87	bench-anc-dollar	1m	short	1047485	1	1047481,1047485	23.6	21.8	26.4	31.8	30.2	34.3	412681.3	409532.0	430855.7
3	4.87	bench-anc-dollar	1m	non	1047485	0	-1,-1	5.4	5.2	8.1	5.2	5.1	7.6	409846.0	403440.3	426277.0
3	4.87	bench-anc-dollar	1m	nl	1047486	1	1047481,1047485	24.9	23.7	50.9	37.1	35.5	39.9	409792.7	405614.7	414972.3
3	4.87	bench-anc-dollar	64k	long	64445	1	64441,64445	23.8	22.3	25.7	32.1	30.8	34.6	16845.0	12937.7	26259.7
3	4.87	bench-anc-dollar	64k	short	64445	1	64441,64445	24.2	23.2	26.8	32.3	30.5	36.4	14317.0	12633.7	25291.0
3	4.87	bench-anc-dollar	64k	non	64445	0	-1,-1	5.4	5.0	8.7	5.1	4.6	5.2	13004.7	12500.3	24703.0
3	4.87	bench-anc-dollar	64k	nl	64446	1	64441,64445	24.5	23.7	38.0	36.3	35.0	37.0	13592.3	12196.3	21270.0
3	4.87	bench-anc-z-lc	1m	long	1047485	1	1047481,1047485	24.3	22.4	31.3	33.6	31.7	36.1	426193.7	410400.3	439081.0
3	4.87	bench-anc-z-lc	1m	short	1047485	1	1047481,1047485	15.9	15.8	19.5	24.5	24.3	26.6	320901.7	319125.0	343818.0
3	4.87	bench-anc-z-lc	1m	non	1047485	0	-1,-1	3.5	3.3	3.5	2.2	2.2	2.3	316603.7	314028.7	340919.7
3	4.87	bench-anc-z-lc	64k	long	64445	1	64441,64445	15.8	15.7	18.0	24.4	24.2	25.2	9598.0	9531.3	14971.7
3	4.87	bench-anc-z-lc	64k	short	64445	1	64441,64445	15.8	15.6	17.9	24.3	24.2	27.1	9818.7	9781.7	28741.0
3	4.87	bench-anc-z-lc	64k	non	64445	0	-1,-1	3.4	3.3	4.7	2.2	2.2	4.0	9558.0	9524.7	14991.7
3	4.87	bench-anc-z-uc	1m	long	1047485	1	1047481,1047485	14.4	14.3	71.8	22.8	22.6	30.2	315979.0	312830.0	363585.7
3	4.87	bench-anc-z-uc	1m	short	1047485	1	1047481,1047485	14.4	14.3	14.5	22.3	22.2	22.3	312676.3	309042.3	339443.3
3	4.87	bench-anc-z-uc	1m	non	1047485	0	-1,-1	5.4	5.0	5.6	5.2	4.9	5.4	409208.3	398979.0	418793.0
3	4.87	bench-anc-z-uc	1m	nl	1047486	1	1047481,1047485	25.0	23.8	27.0	37.1	35.7	40.0	411582.7	399850.3	425783.0
3	4.87	bench-anc-z-uc	64k	long	64445	1	64441,64445	24.2	22.0	28.8	32.3	30.4	35.1	16003.3	13382.0	24730.0
3	4.87	bench-anc-z-uc	64k	short	64445	1	64441,64445	23.9	22.0	27.1	32.3	31.2	59.0	13856.0	13038.0	25989.0
3	4.87	bench-anc-z-uc	64k	non	64445	0	-1,-1	5.4	5.0	5.5	5.2	4.9	5.5	12871.0	12590.3	23270.7
3	4.87	bench-anc-z-uc	64k	nl	64446	1	64441,64445	25.0	24.3	62.8	36.8	34.7	40.1	13178.3	12229.7	19931.0
3	4.87	bench-abc-dollar	1m	long	1047480	1	1047477,1047480	18.9	18.2	20.8	25.2	24.0	28.4	53367.3	51757.7	124658.3
3	4.87	bench-abc-dollar	1m	short	1047480	1	1047477,1047480	19.2	18.3	19.8	25.3	24.9	28.0	55130.7	52438.7	125877.3
3	4.87	bench-abc-dollar	1m	non	1047480	0	-1,-1	8.9	8.4	10.2	5.1	4.8	5.4	53317.3	51911.3	123128.7
3	4.87	bench-abc-dollar	1m	nl	1047481	1	1047477,1047480	18.1	17.2	21.3	28.1	27.3	30.2	56115.7	52893.0	119538.7
3	4.87	bench-abc-dollar	64k	long	64440	1	64437,64440	19.6	18.5	21.7	25.8	25.1	29.5	3189.3	3122.3	4972.7
3	4.87	bench-abc-dollar	64k	short	64440	1	64437,64440	19.4	18.5	22.1	25.7	24.6	28.4	3182.7	3122.7	4869.3
3	4.87	bench-abc-dollar	64k	non	64440	0	-1,-1	8.8	8.3	12.1	5.1	4.8	5.2	3106.0	3049.3	5166.7
3	4.87	bench-abc-dollar	64k	nl	64441	1	64437,64440	17.8	16.9	40.5	27.3	25.8	30.1	3169.3	3122.3	4882.3
3	4.87	bench-letters-bounded-tail-z	1m	long	1048477	1	1047477,1048477	1294.4	719.4	1358.2	1779.1	1055.5	1857.7	1828777.7	1344381.3	1895847.7
3	4.87	bench-letters-bounded-tail-z	1m	short	1047479	1	1047477,1047479	478.5	470.3	573.6	7.6	7.5	13.3	1342290.7	1333069.7	1412513.0
3	5.04	bench-letters-bounded-tail-z	1m	non	1047480	1	1047480,1047480	509.4	479.6	589.0	4.2	4.0	7.8	1421633.7	1366806.7	1464133.7
3	5.04	bench-letters-bounded-tail-z	64k	long	65437	1	64437,65437	794.3	722.7	844.0	1132.3	1058.7	1207.0	73675.7	35246.3	89351.7
3	5.04	bench-letters-bounded-tail-z	64k	short	64439	1	64437,64439	500.1	473.9	712.5	7.6	7.5	14.1	39488.0	31987.0	93125.7
3	5.04	bench-letters-bounded-tail-z	64k	non	64440	1	64440,64440	536.7	484.9	611.4	4.1	4.1	7.4	72306.3	32488.0	95263.0
3	5.04	w-d18-dollar	1m	long	1047488	1	1047480,1047488	15.7	15.4	20.3	19.3	19.1	31.4	534090.3	501999.7	676178.3
3	5.04	w-d18-dollar	1m	short	1047481	1	1047480,1047481	7.2	7.1	9.3	7.5	7.4	11.0	508318.3	503342.3	565249.0
3	5.04	w-d18-dollar	1m	non	1047489	0	-1,-1	8.1	8.0	12.0	2.5	2.5	3.4	529946.0	498075.7	693350.7
3	5.04	w-d18-dollar	1m	nl	1047482	1	1047480,1047481	8.2	7.2	13.7	9.6	9.2	17.3	518357.3	501201.3	796555.0
3	5.04	w-d18-dollar	64k	long	64448	1	64440,64448	15.7	15.6	19.5	19.2	18.9	26.1	20625.7	20535.3	28948.0
3	5.04	w-d18-dollar	64k	short	64441	1	64440,64441	8.5	8.1	14.2	7.5	7.4	15.6	15993.7	15850.0	29225.0
3	5.04	w-d18-dollar	64k	non	64449	0	-1,-1	8.1	8.0	13.5	2.5	2.5	4.7	20465.3	20381.7	34201.3
3	5.04	w-d18-dollar	64k	nl	64442	1	64440,64441	8.2	8.1	15.7	9.2	9.1	15.5	15723.0	15653.0	29492.3
3	5.04	w-az64-z	1m	long	1047537	1	1047477,1047537	44.6	44.0	78.6	61.5	60.7	68.3	1364823.0	1344808.7	1423200.0
3	5.04	w-az64-z	1m	short	1047479	1	1047477,1047479	31.6	31.1	41.2	7.6	7.5	10.5	1357886.7	1348783.0	1446477.0
3	5.04	w-az64-z	1m	non	1047480	1	1047480,1047480	32.5	30.6	64.0	4.1	4.0	8.3	1373329.0	1354099.7	1802879.0
3	5.04	w-az64-z	64k	long	64497	1	64437,64497	45.0	44.3	61.1	61.7	60.3	85.6	31813.0	30995.3	69070.0
3	5.04	w-az64-z	64k	short	64439	1	64437,64439	33.1	32.7	41.3	7.5	7.4	7.5	31088.7	30657.7	66595.7
3	5.04	w-az64-z	64k	non	64440	1	64440,64440	34.1	33.0	39.8	4.1	4.0	5.1	32144.0	31676.3	69524.3
3	5.04	w-foo-barbaz-txt	1m	long	1047491	1	1047481,1047491	36.0	28.3	39.7	52.1	43.0	56.7	648653.0	463841.0	707053.0
3	5.04	w-foo-barbaz-txt	1m	short	1047484	1	1047477,1047484	23.7	23.4	27.0	33.9	33.7	37.4	463741.0	453892.7	621127.7
3	5.04	w-foo-barbaz-txt	1m	non	1047488	0	-1,-1	13.6	13.4	16.8	2.7	2.7	3.1	464756.3	459065.7	620793.7
3	5.04	w-foo-barbaz-txt	1m	nl	1047485	1	1047477,1047484	23.9	23.7	27.8	35.9	35.7	39.3	466235.7	422082.3	620793.7
3	5.04	w-foo-barbaz-txt	64k	long	64451	1	64441,64451	28.4	28.2	31.2	43.1	42.9	47.3	20512.0	20415.3	33987.3
3	5.04	w-foo-barbaz-txt	64k	short	64444	1	64437,64444	23.6	23.4	37.2	33.9	33.7	37.2	20615.3	20174.7	44203.3
3	5.04	w-foo-barbaz-txt	64k	non	64448	0	-1,-1	13.5	13.4	19.5	2.7	2.7	4.9	20488.7	20071.3	33343.0
3	5.04	w-foo-barbaz-txt	64k	nl	64445	1	64437,64444	25.2	25.0	33.1	35.9	35.6	46.5	20341.7	15693.0	34368.3
3	5.04	c-bfoo-dollar	1m	long	1047483	1	1047480,1047483	17.0	16.8	27.5	23.6	22.8	30.7	90410.3	88667.3	222603.0
3	5.04	c-bfoo-dollar	1m	short	1047480	1	1047477,1047480	16.9	16.8	20.6	23.5	22.8	28.3	142044.3	89171.3	206539.3
3	5.04	c-bfoo-dollar	1m	non	1047481	0	-1,-1	11.5	11.5	16.6	2.7	2.7	4.1	89873.0	89682.3	184768.3
3	5.04	c-bfoo-dollar	1m	nl	1047481	1	1047477,1047480	22.0	20.0	27.4	31.7	29.2	63.1	174485.7	160105.3	1220474.3
3	5.04	c-bfoo-dollar	64k	long	64443	1	64440,64443	22.7	22.0	25.3	30.1	28.3	33.7	5740.7	5590.7	11465.0
3	5.04	c-bfoo-dollar	64k	short	64440	1	64437,64440	16.9	16.8	23.1	23.6	22.8	28.8	5503.7	5460.3	8726.7
3	5.04	c-bfoo-dollar	64k	non	64441	0	-1,-1	11.6	11.6	11.7	2.7	2.7	4.9	5450.3	5426.7	10306.0
3	5.04	c-bfoo-dollar	64k	nl	64441	1	64437,64440	16.6	16.4	30.9	24.7	24.5	26.3	5476.7	5420.0	8275.3
3	5.04	c-a5b5-dollar	1m	long	1047497	1	1047477,1047497	41.6	41.3	47.2	48.8	48.2	82.6	401250.0	398327.7	420446.0
3	5.04	c-a5b5-dollar	1m	short	1047487	1	1047477,1047487	27.8	27.5	42.3	31.6	31.3	52.8	402031.3	395836.3	413289.0
3	5.04	c-a5b5-dollar	1m	non	1047486	0	-1,-1	20.4	20.2	48.9	6.8	6.7	13.3	402201.7	399065.7	413098.7
3	5.04	c-a5b5-dollar	1m	nl	1047488	1	1047477,1047487	34.9	34.6	38.4	40.7	40.4	44.2	404940.3	402315.3	418592.7
3	5.04	c-a5b5-dollar	64k	long	64457	1	64437,64457	54.8	49.7	58.5	77.4	70.5	91.0	22913.0	22395.7	23918.3
3	5.04	c-a5b5-dollar	64k	short	64447	1	64437,64447	37.8	36.1	42.9	47.7	43.5	52.3	22806.3	22469.0	40523.0
3	5.04	c-a5b5-dollar	64k	non	64446	0	-1,-1	26.1	24.3	28.9	11.2	10.1	11.7	22746.3	22485.7	24719.7
3	5.04	c-a5b5-dollar	64k	nl	64448	1	64437,64447	34.8	34.5	40.5	39.8	39.5	45.8	23187.0	22696.0	24479.3
3	5.04	c-notc13-z	1m	long	1047480	1	1047477,1047480	5.4	5.4	7.1	7.8	7.7	9.3	207217.3	206041.7	223274.0
3	5.04	c-notc13-z	1m	short	1047478	1	1047475,1047478	5.4	5.4	5.5	7.7	7.7	11.5	207498.0	206195.3	222549.3
3	5.04	c-notc13-z	1m	non	1047480	0	-1,-1	5.0	4.6	10.2	2.1	2.1	2.9	207875.3	205591.0	227412.0
3	5.04	c-notc13-z	64k	long	64440	1	64437,64440	10.0	9.2	10.8	14.3	13.6	16.3	25381.0	24452.7	27638.7
3	5.04	c-notc13-z	64k	short	64438	1	64435,64438	10.0	9.3	38.1	14.2	13.2	14.7	25214.3	23457.7	27371.3
3	5.04	c-notc13-z	64k	non	64440	0	-1,-1	9.4	8.4	11.1	4.0	3.6	4.2	25134.0	22208.3	27498.3
3	5.04	c-error-dollar	1m	long	1047482	1	1047477,1047482	25.7	24.8	28.3	35.5	34.5	53.9	9287.7	8733.3	10760.3
3	5.04	c-error-dollar	1m	short	1047482	1	1047477,1047482	26.2	25.1	58.8	35.2	33.9	38.5	9558.0	8723.3	12326.7
3	5.04	c-error-dollar	1m	non	1047481	0	-1,-1	7.6	6.8	11.0	5.4	4.8	8.5	9284.0	8880.0	9688.3
3	5.04	c-error-dollar	1m	nl	1047483	1	1047477,1047482	25.3	24.7	28.7	38.4	36.4	64.7	9534.7	9150.3	10533.0
3	5.04	c-error-dollar	64k	long	64442	1	64437,64442	25.7	24.2	29.7	35.8	34.4	38.3	591.0	501.0	755.0
3	5.04	c-error-dollar	64k	short	64442	1	64437,64442	24.4	22.9	30.3	33.2	32.2	35.9	544.3	494.3	694.7
3	5.04	c-error-dollar	64k	non	64441	0	-1,-1	7.8	7.4	8.6	5.4	5.1	8.3	487.3	454.0	544.3
3	5.04	c-error-dollar	64k	nl	64443	1	64437,64442	25.9	25.2	29.3	37.8	36.7	40.9	561.3	537.7	617.7
3	5.04	c-xaz5-z	1m	long	1047483	1	1047477,1047483	18.8	18.7	27.0	28.5	28.3	36.4	273088.0	266299.0	333602.0
3	5.04	c-xaz5-z	1m	short	1047478	1	1047477,1047478	6.0	6.0	9.0	6.8	6.8	8.3	238650.0	233106.0	283478.0
3	5.04	c-xaz5-z	1m	non	1047479	0	-1,-1	8.7	4.6	9.0	2.3	2.3	4.1	251257.3	245366.0	295774.3
3	5.04	c-xaz5-z	64k	long	64443	1	64437,64443	18.8	18.7	22.3	28.5	28.3	1433.9	6228.3	6205.0	16831.7
3	5.04	c-xaz5-z	64k	short	64438	1	64437,64438	6.0	6.0	9.7	6.8	6.7	10.0	6171.7	6155.0	11628.7
3	5.04	c-xaz5-z	64k	non	64439	0	-1,-1	4.6	4.6	8.6	2.3	2.3	2.3	6205.0	6175.0	11698.7
4	5.04	bench-anc-dollar	1m	long	1047485	1	1047481,1047485	14.4	14.2	48.5	22.3	22.2	24.6	313628.0	309069.3	337887.3
4	5.04	bench-anc-dollar	1m	short	1047485	1	1047481,1047485	14.4	14.3	23.0	22.3	22.2	32.9	313293.7	310071.0	394784.3
4	5.04	bench-anc-dollar	1m	non	1047485	0	-1,-1	3.5	3.3	5.0	2.7	2.7	4.7	315334.3	308976.0	344867.0
4	5.04	bench-anc-dollar	1m	nl	1047486	1	1047481,1047485	18.7	18.5	24.4	29.9	29.6	38.3	320000.0	310121.3	372689.3
4	5.04	bench-anc-dollar	64k	long	64445	1	64441,64445	14.4	14.3	22.1	22.3	22.2	31.1	9624.7	9594.7	18494.7
4	5.04	bench-anc-dollar	64k	short	64445	1	64441,64445	23.9	22.8	26.4	32.7	31.1	35.0	13185.0	12620.7	24940.3
4	5.04	bench-anc-dollar	64k	non	64445	0	-1,-1	3.4	3.3	3.4	2.7	2.7	2.7	9578.0	9541.3	18378.0
4	5.04	bench-anc-dollar	64k	nl	64446	1	64441,64445	18.4	18.2	24.6	28.1	27.6	64.8	9558.0	9457.7	20194.7
4	5.04	bench-anc-z-lc	1m	long	1047485	1	1047481,1047485	15.8	15.7	49.7	24.3	24.1	26.8	317498.7	316236.0	339563.3
4	5.04	bench-anc-z-lc	1m	short	1047485	1	1047481,1047485	15.8	15.8	21.1	24.3	24.0	28.5	323650.0	319108.3	348898.0
4	5.04	bench-anc-z-lc	1m	non	1047485	0	-1,-1	3.5	3.3	5.4	2.2	2.2	4.2	319966.7	316042.3	421040.3
4	5.04	bench-anc-z-lc	64k	long	64445	1	64441,64445	15.8	15.7	18.3	24.4	24.2	28.5	9568.0	9528.0	15172.0
4	5.04	bench-anc-z-lc	64k	short	64445	1	64441,64445	15.7	15.6	18.7	24.3	24.1	24.5	9561.3	9488.0	14995.0
4	5.04	bench-anc-z-lc	64k	non	64445	0	-1,-1	3.4	3.3	3.4	2.2	2.2	2.2	9488.0	9427.7	18611.7
4	5.04	bench-anc-z-uc	1m	long	1047485	1	1047481,1047485	14.3	14.1	14.4	22.1	21.9	22.3	311804.7	309072.7	336097.0
4	5.04	bench-anc-z-uc	1m	short	1047485	1	1047481,1047485	14.3	14.1	22.4	22.2	22.0	28.9	314943.7	307473.0	391191.0
4	5.04	bench-anc-z-uc	1m	non	1047485	0	-1,-1	3.4	3.2	3.4	2.7	2.7	4.2	307102.3	304203.7	336501.0
4	5.04	bench-anc-z-uc	1m	nl	1047486	1	1047481,1047485	18.4	18.3	20.4	28.3	27.6	56.8	309403.3	307316.0	329207.3
4	5.04	bench-anc-z-uc	64k	long	64445	1	64441,64445	14.2	14.1	16.2	22.0	21.8	28.2	9524.7	9461.0	18301.3
4	5.04	bench-anc-z-uc	64k	short	64445	1	64441,64445	14.2	14.0	17.5	22.0	21.8	24.1	9511.0	9457.7	18197.7
4	5.04	bench-anc-z-uc	64k	non	64445	0	-1,-1	3.4	3.2	3.4	2.7	2.6	2.7	9511.3	9431.0	21894.7
4	5.04	bench-anc-z-uc	64k	nl	64446	1	64441,64445	18.4	18.3	21.4	28.1	27.4	33.0	9521.3	9464.3	31749.7
4	5.04	bench-abc-dollar	1m	long	1047480	1	1047477,1047480	12.1	12.1	16.0	17.5	17.3	25.3	48504.7	48264.3	90657.3
4	5.04	bench-abc-dollar	1m	short	1047480	1	1047477,1047480	18.6	16.3	22.7	24.8	22.9	34.0	51524.0	49854.0	105939.7
4	5.04	bench-abc-dollar	1m	non	1047480	0	-1,-1	7.4	4.4	8.7	4.2	2.7	5.2	49870.7	49349.7	108748.3
4	5.04	bench-abc-dollar	1m	nl	1047481	1	1047477,1047480	11.5	11.4	14.2	20.0	19.5	22.0	48915.7	48675.3	88734.0
4	5.04	bench-abc-dollar	64k	long	64440	1	64437,64440	13.4	13.3	17.0	19.1	18.9	23.3	2955.7	2928.7	4568.7
4	5.04	bench-abc-dollar	64k	short	64440	1	64437,64440	12.1	12.0	15.1	17.4	17.3	20.1	2949.0	2918.7	4481.7
4	5.04	bench-abc-dollar	64k	non	64440	0	-1,-1	4.3	4.3	4.4	2.6	2.6	2.6	2905.3	2895.3	4622.0
4	5.04	bench-abc-dollar	64k	nl	64441	1	64437,64440	11.5	11.3	14.8	19.8	19.8	21.9	2948.7	2922.3	4521.7
4	5.04	bench-letters-bounded-tail-z	1m	long	1048477	1	1047477,1048477	722.9	715.0	1155.9	1055.8	1043.7	1497.1	1362308.3	1343062.3	1811622.0
4	5.04	bench-letters-bounded-tail-z	1m	short	1047479	1	1047477,1047479	471.9	466.3	695.7	7.5	7.4	7.6	1338687.0	1321534.7	1595598.3
4	5.04	bench-letters-bounded-tail-z	1m	non	1047480	1	1047480,1047480	475.2	471.3	535.4	4.0	4.0	4.2	1364132.0	1336543.0	1664788.7
4	5.04	bench-letters-bounded-tail-z	64k	long	65437	1	64437,65437	716.8	713.1	939.2	1046.2	1043.2	1514.4	33352.7	32104.0	96001.0
4	5.04	bench-letters-bounded-tail-z	64k	short	64439	1	64437,64439	474.0	469.9	661.7	7.5	7.4	12.7	31730.0	31118.7	96528.7
4	5.04	bench-letters-bounded-tail-z	64k	non	64440	1	64440,64440	481.8	475.3	554.7	4.1	4.0	5.0	32474.7	32023.7	67387.0
4	5.04	w-d18-dollar	1m	long	1047488	1	1047480,1047488	23.9	23.6	26.3	31.6	31.3	33.6	813096.3	811426.7	924376.0
4	5.04	w-d18-dollar	1m	short	1047481	1	1047480,1047481	14.2	13.0	16.2	14.2	13.7	15.7	784008.0	773167.7	854454.3
4	5.04	w-d18-dollar	1m	non	1047489	0	-1,-1	15.5	15.3	17.0	5.0	4.9	5.1	811653.7	806991.3	1090846.7
4	5.04	w-d18-dollar	1m	nl	1047482	1	1047480,1047481	15.1	14.1	17.1	18.1	17.7	20.3	779730.0	777115.3	795526.7
4	5.04	w-d18-dollar	64k	long	64448	1	64440,64448	23.8	23.5	27.0	31.6	29.0	32.7	36689.3	36291.7	49036.0
4	5.04	w-d18-dollar	64k	short	64441	1	64440,64441	16.4	16.2	29.2	14.0	13.9	14.2	32130.7	31903.7	43308.3
4	5.04	w-d18-dollar	64k	non	64449	0	-1,-1	15.2	14.6	16.5	4.9	4.4	6.0	36398.7	35076.0	47503.0
4	5.04	w-d18-dollar	64k	nl	64442	1	64440,64441	16.4	15.6	47.7	17.8	17.2	19.8	31836.7	29659.3	43829.3
4	5.04	w-az64-z	1m	long	1047537	1	1047477,1047537	89.7	43.8	92.8	122.9	60.4	138.3	1896498.7	1339465.3	1958392.3
4	5.04	w-az64-z	1m	short	1047479	1	1047477,1047479	30.9	30.8	34.1	7.4	7.4	7.6	1320930.3	1316381.7	1335705.0
4	5.04	w-az64-z	1m	non	1047480	1	1047480,1047480	31.7	30.9	34.7	4.0	4.0	5.3	1340297.0	1338740.7	1357101.7
4	5.04	w-az64-z	64k	long	64497	1	64437,64497	44.4	43.6	51.4	60.9	59.8	68.5	31382.7	30788.0	76851.3
4	5.04	w-az64-z	64k	short	64439	1	64437,64439	32.8	32.1	35.1	7.4	7.3	9.4	30948.3	30157.0	93973.7
4	5.04	w-az64-z	64k	non	64440	1	64440,64440	33.0	32.6	38.0	4.0	4.0	4.0	32090.3	31239.0	67624.3
4	5.04	w-foo-barbaz-txt	1m	long	1047491	1	1047481,1047491	28.1	28.0	30.2	42.8	42.4	44.6	458270.7	448596.0	558877.0
4	5.04	w-foo-barbaz-txt	1m	short	1047484	1	1047477,1047484	23.4	23.0	23.6	33.6	33.3	34.1	459659.7	444201.0	488724.7
4	5.04	w-foo-barbaz-txt	1m	non	1047488	0	-1,-1	13.5	13.3	18.6	2.7	2.6	3.6	458497.7	455455.0	513621.7
4	5.04	w-foo-barbaz-txt	1m	nl	1047485	1	1047477,1047484	29.4	23.7	33.6	43.1	35.4	45.9	652467.0	417727.7	688441.3
4	5.04	w-foo-barbaz-txt	64k	long	64451	1	64441,64451	28.1	27.7	30.8	42.7	41.7	45.5	20498.7	20418.7	27138.0
4	5.04	w-foo-barbaz-txt	64k	short	64444	1	64437,64444	23.3	23.0	51.7	33.5	33.2	40.4	20321.7	20007.7	31015.0
4	5.04	w-foo-barbaz-txt	64k	non	64448	0	-1,-1	13.2	13.0	16.1	2.6	2.6	3.8	20231.3	20078.0	35924.3
4	5.04	w-foo-barbaz-txt	64k	nl	64445	1	64437,64444	23.6	23.4	27.8	35.4	35.1	37.4	15476.0	15395.7	25451.3
4	5.04	c-bfoo-dollar	1m	long	1047483	1	1047480,1047483	16.8	16.6	18.8	23.3	22.6	25.4	89285.0	87936.0	204388.7
4	5.04	c-bfoo-dollar	1m	short	1047480	1	1047477,1047480	16.7	16.6	18.8	23.3	22.6	26.3	88734.0	87454.7	185790.3
4	5.04	c-bfoo-dollar	1m	non	1047481	0	-1,-1	11.4	11.3	13.2	2.7	2.6	2.7	87795.7	87405.0	189286.7
4	5.04	c-bfoo-dollar	1m	nl	1047481	1	1047477,1047480	16.5	16.3	18.0	25.6	25.4	40.9	88767.3	88022.7	210306.3
4	5.04	c-bfoo-dollar	64k	long	64443	1	64440,64443	17.9	17.5	20.7	23.1	22.4	25.1	5400.0	5360.0	8863.3
4	5.04	c-bfoo-dollar	64k	short	64440	1	64437,64440	16.6	16.5	18.9	23.0	22.3	25.3	5367.0	5323.3	9531.3
4	5.04	c-bfoo-dollar	64k	non	64441	0	-1,-1	11.3	11.2	12.0	2.6	2.6	4.0	5350.0	5316.7	7804.7
4	5.04	c-bfoo-dollar	64k	nl	64441	1	64437,64440	16.4	16.2	45.5	24.3	24.1	26.5	5403.3	5326.7	7313.7
4	5.04	c-a5b5-dollar	1m	long	1047497	1	1047477,1047497	40.9	40.6	61.1	48.1	47.7	78.3	399005.7	397175.3	418045.0
4	5.04	c-a5b5-dollar	1m	short	1047487	1	1047477,1047487	27.4	27.2	29.1	31.3	31.0	35.2	399099.3	396774.7	414107.3
4	5.04	c-a5b5-dollar	1m	non	1047486	0	-1,-1	20.0	19.8	20.4	6.6	6.6	8.1	396377.3	394480.3	408737.3
4	5.04	c-a5b5-dollar	1m	nl	1047488	1	1047477,1047487	34.3	34.2	36.5	40.0	40.0	42.9	395101.7	394627.3	421070.7
4	5.04	c-a5b5-dollar	64k	long	64457	1	64437,64457	41.3	40.9	45.1	47.6	47.2	49.0	22990.0	22869.7	24396.0
4	5.04	c-a5b5-dollar	64k	short	64447	1	64437,64447	27.4	27.2	29.5	30.1	29.9	32.0	22956.7	22833.0	25842.0
4	5.04	c-a5b5-dollar	64k	non	64446	0	-1,-1	20.0	19.9	22.4	6.1	6.0	7.2	22946.7	22726.0	24265.7
4	5.04	c-a5b5-dollar	64k	nl	64448	1	64437,64447	34.5	34.1	52.4	39.4	39.0	41.4	22963.3	22345.3	24269.0
4	5.04	c-notc13-z	1m	long	1047480	1	1047477,1047480	5.3	5.3	5.4	7.7	7.5	9.7	207424.3	205009.7	229255.3
4	5.04	c-notc13-z	1m	short	1047478	1	1047475,1047478	5.4	5.3	9.9	7.7	7.6	13.9	209027.7	204996.7	261526.3
4	5.04	c-notc13-z	1m	non	1047480	0	-1,-1	4.8	4.3	8.7	2.1	2.1	3.8	218027.7	203216.3	270313.0
4	5.04	c-notc13-z	64k	long	64440	1	64437,64440	5.3	5.3	9.8	7.6	7.5	14.0	12457.0	12406.7	23277.0
4	5.04	c-notc13-z	64k	short	64438	1	64435,64438	5.3	5.3	14.0	7.6	7.5	9.7	12466.7	12380.0	19851.0
4	5.04	c-notc13-z	64k	non	64440	0	-1,-1	4.4	4.3	4.9	2.1	2.1	2.1	12513.7	12500.3	15258.7
4	5.04	c-error-dollar	1m	long	1047482	1	1047477,1047482	15.7	15.6	24.9	21.9	21.8	34.0	7601.0	7527.3	10332.7
4	5.04	c-error-dollar	1m	short	1047482	1	1047477,1047482	15.7	15.5	57.1	21.9	21.7	34.4	7577.7	7467.3	9658.3
4	5.04	c-error-dollar	1m	non	1047481	0	-1,-1	5.7	5.5	8.5	2.8	2.8	6.4	7470.7	7420.7	8583.0
4	5.04	c-error-dollar	1m	nl	1047483	1	1047477,1047482	19.5	19.4	21.6	27.7	27.4	47.0	7514.0	7464.0	9467.7
4	5.04	c-error-dollar	64k	long	64442	1	64437,64442	15.6	15.5	24.9	21.8	21.7	34.2	414.3	410.7	614.3
4	5.04	c-error-dollar	64k	short	64442	1	64437,64442	15.7	15.5	25.9	21.8	21.6	36.5	417.3	407.3	621.3
4	5.04	c-error-dollar	64k	non	64441	0	-1,-1	5.6	5.5	6.8	2.7	2.7	5.3	390.7	387.3	918.3
4	5.04	c-error-dollar	64k	nl	64443	1	64437,64442	19.4	19.3	24.4	27.7	27.4	35.0	427.7	420.7	501.0
4	5.04	c-xaz5-z	1m	long	1047483	1	1047477,1047483	18.6	18.4	18.8	28.1	27.9	30.5	262241.0	257839.3	293790.7
4	5.04	c-xaz5-z	1m	short	1047478	1	1047477,1047478	6.0	5.9	6.0	6.7	6.7	9.5	246751.7	242093.0	285852.3
4	5.04	c-xaz5-z	1m	non	1047479	0	-1,-1	4.8	4.6	9.0	2.3	2.3	2.3	246114.0	240867.3	287512.0
4	5.04	c-xaz5-z	64k	long	64443	1	64437,64443	18.6	18.4	21.9	28.1	27.9	28.8	6155.0	6125.0	15666.3
4	5.04	c-xaz5-z	64k	short	64438	1	64437,64438	6.2	6.1	8.7	7.4	7.4	7.5	6095.0	6074.7	11668.7
4	5.04	c-xaz5-z	64k	non	64439	0	-1,-1	4.7	4.5	6.7	2.3	2.3	2.3	6078.0	6044.7	11471.7
5	5.04	bench-anc-dollar	1m	long	1047485	1	1047481,1047485	14.2	14.1	14.6	22.0	21.8	22.8	309827.7	307446.3	344599.7
5	5.04	bench-anc-dollar	1m	short	1047485	1	1047481,1047485	14.2	14.2	18.7	23.6	21.9	47.1	306751.7	305285.7	332323.0
5	4.96	bench-anc-dollar	1m	non	1047485	0	-1,-1	3.4	3.2	3.4	2.7	2.7	2.7	307015.3	302770.7	332991.0
5	4.96	bench-anc-dollar	1m	nl	1047486	1	1047481,1047485	18.3	18.3	18.6	28.0	27.6	28.4	308364.7	306090.3	329778.3
5	4.96	bench-anc-dollar	64k	long	64445	1	64441,64445	14.2	14.1	19.2	22.1	21.8	24.8	9541.3	9404.3	19891.0
5	4.96	bench-anc-dollar	64k	short	64445	1	64441,64445	14.0	14.0	14.3	21.9	21.7	25.0	9468.0	9384.3	17990.7
5	4.96	bench-anc-dollar	64k	non	64445	0	-1,-1	3.4	3.2	3.4	2.6	2.6	2.6	9447.7	9401.0	17753.3
5	4.96	bench-anc-dollar	64k	nl	64446	1	64441,64445	18.3	18.1	21.4	27.9	27.2	29.5	9468.0	9361.0	14494.0
5	4.96	bench-anc-z-lc	1m	long	1047485	1	1047481,1047485	15.7	15.5	16.5	24.2	23.9	26.3	316089.3	314289.0	342195.0
5	4.96	bench-anc-z-lc	1m	short	1047485	1	1047481,1047485	15.7	15.5	17.7	24.2	23.9	26.7	315701.7	314372.7	336133.7
5	4.96	bench-anc-z-lc	1m	non	1047485	0	-1,-1	3.4	3.2	3.8	2.2	2.2	3.3	313123.7	311023.0	337319.0
5	4.96	bench-anc-z-lc	64k	long	64445	1	64441,64445	15.5	15.4	17.8	24.1	23.7	28.0	9454.3	9310.7	14697.7
5	4.96	bench-anc-z-lc	64k	short	64445	1	64441,64445	15.6	15.4	38.6	24.0	23.7	24.2	9454.7	9317.3	14337.0
5	4.96	bench-anc-z-lc	64k	non	64445	0	-1,-1	5.1	4.6	5.3	3.8	3.2	5.1	12954.3	11752.0	21260.0
5	4.96	bench-anc-z-uc	1m	long	1047485	1	1047481,1047485	14.2	14.1	16.3	22.1	21.7	25.6	309042.7	305499.3	330249.3
5	4.96	bench-anc-z-uc	1m	short	1047485	1	1047481,1047485	14.2	14.1	17.2	23.6	21.9	27.5	306598.3	302760.7	334981.7
5	4.96	bench-anc-z-uc	1m	non	1047485	0	-1,-1	3.4	3.3	3.4	2.7	2.7	2.7	307563.0	303612.3	334480.7
5	4.96	bench-anc-z-uc	1m	nl	1047486	1	1047481,1047485	18.3	18.3	21.1	28.1	27.4	31.5	308344.7	303552.0	327360.7
5	4.96	bench-anc-z-uc	64k	long	64445	1	64441,64445	14.1	14.0	16.1	21.9	21.7	24.2	9507.7	9361.0	17890.3
5	4.96	bench-anc-z-uc	64k	short	64445	1	64441,64445	14.2	14.0	16.9	22.0	21.5	24.1	9508.0	9354.3	17964.0
5	4.96	bench-anc-z-uc	64k	non	64445	0	-1,-1	3.4	3.2	5.2	2.6	2.6	4.7	9354.3	9321.0	17780.0
5	4.96	bench-anc-z-uc	64k	nl	64446	1	64441,64445	18.2	18.0	20.7	27.9	27.0	30.4	9464.7	9341.0	14330.3
5	4.96	bench-abc-dollar	1m	long	1047480	1	1047477,1047480	12.1	11.9	13.7	17.3	17.1	20.7	48752.0	48070.7	87852.3
5	4.96	bench-abc-dollar	1m	short	1047480	1	1047477,1047480	12.1	11.9	14.0	17.4	17.2	19.4	48478.0	48027.0	86209.0
5	4.96	bench-abc-dollar	1m	non	1047480	0	-1,-1	4.4	4.3	8.0	2.7	2.6	4.9	49156.0	48875.3	90818.0
5	4.96	bench-abc-dollar	1m	nl	1047481	1	1047477,1047480	11.4	11.2	37.5	19.8	19.5	21.9	48611.3	48107.3	87448.3
5	4.96	bench-abc-dollar	64k	long	64440	1	64437,64440	12.1	11.9	25.8	17.4	17.2	19.8	2925.3	2908.7	4505.0
5	4.96	bench-abc-dollar	64k	short	64440	1	64437,64440	12.1	11.8	14.0	23.7	22.9	26.0	2938.7	2912.0	4458.3
5	4.96	bench-abc-dollar	64k	non	64440	0	-1,-1	4.3	4.3	6.7	2.6	2.6	2.6	2895.3	2885.3	5173.0
5	4.96	bench-abc-dollar	64k	nl	64441	1	64437,64440	11.3	11.2	13.6	19.7	19.6	22.0	2922.3	2899.0	24920.3
5	4.96	bench-letters-bounded-tail-z	1m	long	1048477	1	1047477,1048477	758.9	711.5	836.0	1112.9	1048.1	1169.0	1390060.7	1332609.0	1419109.0
5	4.96	bench-letters-bounded-tail-z	1m	short	1047479	1	1047477,1047479	515.9	469.2	662.6	7.6	7.5	14.0	1380866.7	1334749.7	1415038.0
5	4.96	bench-letters-bounded-tail-z	1m	non	1047480	1	1047480,1047480	475.6	470.4	515.5	4.0	4.0	4.5	1354710.7	1337929.0	1391847.3
5	4.96	bench-letters-bounded-tail-z	64k	long	65437	1	64437,65437	718.6	711.5	839.5	1047.1	1043.4	1090.3	33346.3	32003.7	72747.0
5	4.96	bench-letters-bounded-tail-z	64k	short	64439	1	64437,64439	472.1	468.2	858.0	7.5	7.4	13.0	31472.7	31062.0	66886.3
5	4.96	bench-letters-bounded-tail-z	64k	non	64440	1	64440,64440	484.2	479.5	523.8	4.0	4.0	4.1	32487.7	31993.7	69621.0
5	4.96	w-d18-dollar	1m	long	1047488	1	1047480,1047488	15.5	15.3	16.8	19.1	18.9	20.9	496760.0	494004.7	540832.7
5	4.96	w-d18-dollar	1m	short	1047481	1	1047480,1047481	7.1	7.0	7.2	7.4	7.4	8.9	502273.7	498827.0	519452.7
5	4.96	w-d18-dollar	1m	non	1047489	0	-1,-1	8.0	7.9	9.7	2.5	2.5	2.9	495207.0	492952.7	538338.3
5	4.96	w-d18-dollar	1m	nl	1047482	1	1047480,1047481	8.0	7.0	8.0	9.1	9.1	9.5	496749.7	495434.0	511731.3
5	4.96	w-d18-dollar	64k	long	64448	1	64440,64448	15.4	15.2	17.4	19.8	19.4	22.0	20435.3	20304.7	28437.0
5	4.96	w-d18-dollar	64k	short	64441	1	64440,64441	8.3	8.0	10.2	7.3	7.3	7.6	15656.0	15596.3	26530.0
5	4.96	w-d18-dollar	64k	non	64449	0	-1,-1	8.0	7.9	9.7	2.5	2.4	2.5	20321.7	20144.7	28427.0
5	4.96	w-d18-dollar	64k	nl	64442	1	64440,64441	8.0	8.0	9.7	10.4	10.4	12.1	15402.3	15325.3	26019.0
5	4.96	w-az64-z	1m	long	1047537	1	1047477,1047537	44.5	43.8	46.0	60.2	60.0	66.2	1340143.3	1328468.0	1383879.3
5	4.96	w-az64-z	1m	short	1047479	1	1047477,1047479	31.0	30.8	51.4	7.4	7.4	12.2	1338724.0	1329209.3	1591667.3
5	4.96	w-az64-z	1m	non	1047480	1	1047480,1047480	31.8	30.1	34.1	4.0	4.0	4.2	1341195.0	1335598.0	1377273.3
5	4.96	w-az64-z	64k	long	64497	1	64437,64497	44.4	43.7	53.6	61.0	59.8	64.8	31145.3	30520.7	64631.7
5	4.96	w-az64-z	64k	short	64439	1	64437,64439	32.8	32.5	42.2	7.4	7.4	12.8	31145.3	30684.3	62718.3
5	4.96	w-az64-z	64k	non	64440	1	64440,64440	33.0	32.7	59.4	4.0	4.0	6.7	31933.7	31606.3	66014.7
5	4.96	w-foo-barbaz-txt	1m	long	1047491	1	1047481,1047491	28.3	28.0	54.6	42.9	42.3	45.9	460742.0	421628.0	581686.7
5	4.96	w-foo-barbaz-txt	1m	short	1047484	1	1047477,1047484	23.5	23.3	28.1	33.7	33.4	36.3	458881.7	451317.3	469598.7
5	4.96	w-foo-barbaz-txt	1m	non	1047488	0	-1,-1	13.5	13.2	15.9	2.7	2.7	2.7	419167.0	416348.3	456945.0
5	4.96	w-foo-barbaz-txt	1m	nl	1047485	1	1047477,1047484	23.7	23.6	25.1	35.5	35.1	36.0	458985.3	428093.7	610200.3
5	4.96	w-foo-barbaz-txt	64k	long	64451	1	64441,64451	28.1	27.9	32.2	42.7	42.3	45.6	20592.3	20485.3	27291.3
5	4.96	w-foo-barbaz-txt	64k	short	64444	1	64437,64444	23.3	23.2	24.5	33.5	33.3	36.4	20418.3	20371.7	26900.7
5	4.96	w-foo-barbaz-txt	64k	non	64448	0	-1,-1	13.4	13.1	13.6	2.7	2.6	3.0	20438.3	20405.0	38128.7
5	4.96	w-foo-barbaz-txt	64k	nl	64445	1	64437,64444	23.6	23.4	25.0	35.5	35.0	54.4	20371.7	20338.3	25561.3
5	4.96	c-bfoo-dollar	1m	long	1047483	1	1047480,1047483	16.7	16.6	18.4	23.2	22.6	27.3	119054.7	87698.7	223324.3
5	4.96	c-bfoo-dollar	1m	short	1047480	1	1047477,1047480	16.7	16.6	19.6	23.3	22.6	25.3	88049.3	87571.7	176683.0
5	4.96	c-bfoo-dollar	1m	non	1047481	0	-1,-1	11.4	11.3	15.7	2.7	2.6	3.8	88156.3	87344.7	187827.7
5	4.96	c-bfoo-dollar	1m	nl	1047481	1	1047477,1047480	16.5	16.4	18.6	24.6	24.4	27.5	88209.7	87648.7	191347.7
5	4.96	c-bfoo-dollar	64k	long	64443	1	64440,64443	17.1	17.0	41.2	23.0	22.3	25.2	5373.7	5327.0	8445.7
5	4.96	c-bfoo-dollar	64k	short	64440	1	64437,64440	16.7	16.5	19.0	23.2	22.5	25.0	5403.3	5323.3	9000.3
5	4.96	c-bfoo-dollar	64k	non	64441	0	-1,-1	11.4	11.3	13.0	2.7	2.6	3.1	5407.0	5380.0	8025.0
5	4.96	c-bfoo-dollar	64k	nl	64441	1	64437,64440	16.4	16.2	43.0	24.4	24.1	26.6	5407.0	5323.3	10259.7
5	4.96	c-a5b5-dollar	1m	long	1047497	1	1047477,1047497	41.0	40.6	43.6	48.1	47.5	50.7	396781.3	394306.7	414134.0
5	4.96	c-a5b5-dollar	1m	short	1047487	1	1047477,1047487	27.3	27.2	29.3	31.2	31.0	32.6	395893.0	394971.3	404345.7
5	4.96	c-a5b5-dollar	1m	non	1047486	0	-1,-1	20.0	20.0	27.0	6.6	6.6	8.2	395345.3	394190.0	422379.7
5	4.96	c-a5b5-dollar	1m	nl	1047488	1	1047477,1047487	34.3	34.1	43.7	40.1	39.8	53.6	396854.7	395242.0	411879.7
5	4.96	c-a5b5-dollar	64k	long	64457	1	64437,64457	57.7	56.3	59.7	77.3	75.8	79.7	23481.0	23270.7	24512.7
5	4.96	c-a5b5-dollar	64k	short	64447	1	64437,64447	40.1	39.4	41.7	46.4	45.7	63.0	23290.7	23180.7	24649.7
5	4.96	c-a5b5-dollar	64k	non	64446	0	-1,-1	27.4	27.0	27.8	10.5	10.4	12.1	23223.7	22976.7	24860.0
5	4.96	c-a5b5-dollar	64k	nl	64448	1	64437,64447	43.0	42.2	53.3	50.7	49.8	62.8	23257.0	23047.0	30000.0
5	4.96	c-notc13-z	1m	long	1047480	1	1047477,1047480	5.3	5.3	10.8	7.6	7.6	14.9	205858.3	204709.3	357520.7
5	4.96	c-notc13-z	1m	short	1047478	1	1047475,1047478	5.3	5.3	5.7	7.6	7.6	10.5	206071.7	202458.3	1062513.3
5	4.96	c-notc13-z	1m	non	1047480	0	-1,-1	4.9	4.6	10.1	2.1	2.1	2.1	205390.7	202715.3	212641.0
5	4.96	c-notc13-z	64k	long	64440	1	64437,64440	5.3	5.3	7.2	7.6	7.5	9.6	12507.0	12446.7	13856.3
5	4.96	c-notc13-z	64k	short	64438	1	64435,64438	5.3	5.2	6.6	7.8	7.5	9.4	13846.0	12206.3	17402.7
5	4.96	c-notc13-z	64k	non	64440	0	-1,-1	4.7	4.1	9.5	2.1	2.1	2.1	12386.7	12376.7	13893.0
5	4.96	c-error-dollar	1m	long	1047482	1	1047477,1047482	15.6	15.5	15.7	21.7	21.6	24.4	7551.0	7454.0	9083.7
5	4.96	c-error-dollar	1m	short	1047482	1	1047477,1047482	15.7	15.5	15.8	21.9	21.6	24.3	7567.7	7497.3	25428.0
5	4.96	c-error-dollar	1m	non	1047481	0	-1,-1	6.5	5.7	11.4	2.7	2.7	5.1	7474.0	7390.7	8790.0
5	4.96	c-error-dollar	1m	nl	1047483	1	1047477,1047482	19.5	19.3	22.4	27.6	27.3	30.5	7581.0	7460.7	8469.3
5	4.96	c-error-dollar	64k	long	64442	1	64437,64442	15.6	15.4	24.5	21.8	21.6	40.4	414.0	407.3	497.7
5	4.96	c-error-dollar	64k	short	64442	1	64437,64442	15.6	15.5	22.1	21.8	21.7	43.0	417.3	410.7	487.7
5	4.96	c-error-dollar	64k	non	64441	0	-1,-1	5.6	5.6	7.9	2.7	2.7	5.2	394.0	390.7	424.0
5	4.96	c-error-dollar	64k	nl	64443	1	64437,64442	19.6	19.4	22.3	27.7	27.4	30.4	424.3	417.3	481.0
5	4.96	c-xaz5-z	1m	long	1047483	1	1047477,1047483	18.6	18.3	23.0	28.1	27.7	33.2	263139.3	259589.7	292174.0
5	4.96	c-xaz5-z	1m	short	1047478	1	1047477,1047478	6.0	5.9	9.5	6.7	6.7	8.2	240774.0	230895.0	293105.7
5	4.96	c-xaz5-z	1m	non	1047479	0	-1,-1	4.8	4.6	8.9	2.3	2.3	4.2	254446.3	243920.0	288116.7
5	4.96	c-xaz5-z	64k	long	64443	1	64437,64443	19.7	19.7	21.9	28.1	27.9	32.8	6161.7	6128.3	15379.0
5	4.96	c-xaz5-z	64k	short	64438	1	64437,64438	5.9	5.8	6.0	6.7	6.7	8.8	6078.0	6061.7	11665.3
5	4.96	c-xaz5-z	64k	non	64439	0	-1,-1	4.7	4.7	4.7	2.3	2.3	2.3	6091.7	6058.0	11521.7
