pattern	algo	construct_ns	table_bytes	distinct_keys_or_fanout
pfx3-256	firstbyte	97480.0	4096	-
pfx3-256	trie	292062.0	118424	26
pfx3-256	hash2	149651.0	99368	1
pfx3-256	hash4	290451.0	394632	26
pfx3-256	vm	0.0	0	shares-trie-c
srt-2048	firstbyte	782104.0	11264	-
srt-2048	trie	2609564.0	1152408	26
srt-2048	hash2	1496298.0	798840	645
srt-2048	hash4	2783025.0	1604336	1884
srt-2048	vm	0.0	0	shares-trie-c
sh1-64	firstbyte	24850.0	3328	-
sh1-64	trie	72710.0	36440	24
sh1-64	hash2	26960.0	25032	24
sh1-64	hash4	48231.0	50208	63
sh1-64	vm	0.0	0	shares-trie-c
sh1-512	firstbyte	191461.0	5120	-
sh1-512	trie	447902.0	286968	26
sh1-512	hash2	212971.0	199656	26
sh1-512	hash4	393902.0	401248	495
sh1-512	vm	0.0	0	shares-trie-c
sh1-256	firstbyte	96930.0	4096	-
sh1-256	trie	227831.0	147608	26
sh1-256	hash2	106481.0	99752	26
sh1-256	hash4	186711.0	200680	249
sh1-256	vm	0.0	0	shares-trie-c
pfx3-512	firstbyte	194711.0	5120	-
pfx3-512	trie	402522.0	232248	26
pfx3-512	hash2	196692.0	198696	1
pfx3-512	hash4	407672.0	789352	26
pfx3-512	vm	0.0	0	shares-trie-c
s-4096	firstbyte	1555839.0	19456	-
s-4096	trie	2720154.0	1203320	26
s-4096	hash2	2310502.0	1595064	673
s-4096	hash4	5802351.0	3210088	3948
s-4096	vm	0.0	0	shares-trie-c
w-192	firstbyte	73140.0	3840	-
w-192	trie	180031.0	115000	25
w-192	hash2	87061.0	51928	171
w-192	hash4	137670.0	199552	171
w-192	vm	0.0	0	shares-trie-c
cnt-64	firstbyte	25180.0	3328	-
cnt-64	trie	67701.0	39992	24
cnt-64	hash2	27320.0	25560	59
cnt-64	hash4	42620.0	50152	56
cnt-64	vm	0.0	0	shares-trie-c
srt-512	firstbyte	193392.0	5120	-
srt-512	trie	455062.0	301464	26
srt-512	hash2	211271.0	202600	372
srt-512	hash4	359943.0	400992	455
srt-512	vm	0.0	0	shares-trie-c
srt-256	firstbyte	96900.0	4096	-
srt-256	trie	231222.0	152312	26
srt-256	hash2	106610.0	101864	220
srt-256	hash4	176952.0	200512	227
srt-256	vm	0.0	0	shares-trie-c
s-2048	firstbyte	778705.0	11264	-
s-2048	trie	1314148.0	638616	26
s-2048	hash2	861335.0	798888	637
s-2048	hash4	1768101.0	1604936	1956
s-2048	vm	0.0	0	shares-trie-c
w-8	firstbyte	3930.0	3104	-
w-8	trie	9270.0	4248	6
w-8	hash2	3810.0	3240	8
w-8	hash4	6580.0	12456	8
w-8	vm	0.0	0	shares-trie-c
w-384	firstbyte	145431.0	4608	-
w-384	trie	361672.0	226840	26
w-384	hash2	156491.0	103160	301
w-384	hash4	269012.0	399064	342
w-384	vm	0.0	0	shares-trie-c
s-256	firstbyte	97271.0	4096	-
s-256	trie	170221.0	92984	26
s-256	hash2	112641.0	101656	207
s-256	hash4	185221.0	200608	239
s-256	vm	0.0	0	shares-trie-c
w-96	firstbyte	37071.0	3456	-
w-96	trie	106930.0	60376	25
w-96	hash2	40641.0	26008	87
w-96	hash4	64530.0	99792	85
w-96	vm	0.0	0	shares-trie-c
w-1024	firstbyte	387443.0	7168	-
w-1024	trie	937305.0	596408	26
w-1024	hash2	432323.0	402072	542
w-1024	hash4	730664.0	802088	929
w-1024	vm	0.0	0	shares-trie-c
w-256	firstbyte	97390.0	4096	-
w-256	trie	238822.0	152312	26
w-256	hash2	107570.0	101864	220
w-256	hash4	176911.0	200512	227
w-256	vm	0.0	0	shares-trie-c
ci-2048	firstbyte	823935.0	19456	-
ci-2048	trie	1781291.0	1152408	26
ci-2048	hash2	1445739.0	835944	2580
ci-2048	hash4	6851272.0	2056496	30144
ci-2048	vm	0.0	0	shares-trie-c
ci-512	firstbyte	204491.0	7168	-
ci-512	trie	457833.0	301464	26
ci-512	hash2	361202.0	220456	1488
ci-512	hash4	1610830.0	510192	7280
ci-512	vm	0.0	0	shares-trie-c
w-128	firstbyte	49240.0	3584	-
w-128	trie	124241.0	78264	25
w-128	hash2	53820.0	51048	116
w-128	hash4	87351.0	100264	112
w-128	vm	0.0	0	shares-trie-c
w-64	firstbyte	25380.0	3328	-
w-64	trie	67030.0	39992	24
w-64	hash2	33390.0	25560	59
w-64	hash4	42761.0	50152	56
w-64	vm	0.0	0	shares-trie-c
s-512	firstbyte	193761.0	5120	-
s-512	trie	336873.0	182040	26
s-512	hash2	213371.0	202600	370
s-512	hash4	379492.0	401200	481
s-512	vm	0.0	0	shares-trie-c
w-2048	firstbyte	776835.0	11264	-
w-2048	trie	1851021.0	1152408	26
w-2048	hash2	836615.0	798840	645
w-2048	hash4	1465449.0	1604336	1884
w-2048	vm	0.0	0	shares-trie-c
srt-1024	firstbyte	386733.0	7168	-
srt-1024	trie	923865.0	596408	26
srt-1024	hash2	422793.0	402072	542
srt-1024	hash4	704674.0	802088	929
srt-1024	vm	0.0	0	shares-trie-c
ci-1024	firstbyte	407372.0	11264	-
ci-1024	trie	907456.0	596408	26
ci-1024	hash2	720664.0	428520	2168
ci-1024	hash4	3269710.0	1025048	14864
ci-1024	vm	0.0	0	shares-trie-c
ci-256	firstbyte	102641.0	5120	-
ci-256	trie	236581.0	152312	26
ci-256	hash2	181851.0	112424	880
ci-256	hash4	802525.0	254992	3632
ci-256	vm	0.0	0	shares-trie-c
w-512	firstbyte	203431.0	5120	-
w-512	trie	458603.0	301464	26
w-512	hash2	206071.0	202600	372
w-512	hash4	355102.0	400992	455
w-512	vm	0.0	0	shares-trie-c
