seconds_all_flags	arm	pattern
23.73	auto/byte	((a)|ab){4000}c
23.66	auto/utf8	((a)|ab){4000}c
17.93	auto/utf8	((a)|bc){0,4000}d
17.81	auto/utf8	((a)|ab){0,4000}c
17.66	auto/byte	((a)|ab){0,4000}c
17.40	auto/byte	((a)|bc){0,4000}d
16.19	auto/utf8	(1{0,30}?[^]abc][^abc]){28,30}0+|a
8.57	vm/utf8	(?:(?:(?:(?:(?:(?:a|b){41}){41}){41}){41}){41}){41}
8.54	vm/byte	(?:(?:(?:(?:(?:(?:a|b){41}){41}){41}){41}){41}){41}
5.32	auto/byte	(1{0,30}?[^]abc][^abc]){28,30}0+|a
5.30	auto/utf8	((a)|ab){0,2047}c
5.04	auto/byte	((a)|ab){0,2047}c
4.70	auto/utf8	x\p{Xwd}y
4.51	auto/utf8	(?<g>\p{L})(?<=(?&g))x
4.29	auto/utf8	\p{sc=Unknown}
4.19	auto/utf8	\P{Unknown}
4.17	auto/utf8	(1{0,30}?[^]abc][^abc]){8,8}0+|a
4.12	auto/utf8	(?:(?:(?:(?:(?:(?:(?:(?:(?:(?:(?:(?:(?:(?:(?:(?:(?:(?:(?:(?:(?:(?:(?:(?:(?:(?:(?:(?:(?:(?:(?:(?:(?:(?:(?:(?:(?:(?:(?:(?:
4.11	auto/utf8	x\P{L}y
3.95	auto/utf8	x\p{L}y
3.92	auto/utf8	\p{C}
3.84	auto/utf8	\p{L}
3.82	auto/utf8	\p{scx=Unknown}
3.74	auto/utf8	x(\P{Unknown})y
3.67	auto/utf8	x\P{Unknown}y
